"Renewable energy share of electricity capacity and generation (%) by Region/country/area, Indicator and Year"

"Region/country/area","Indicator","2000","2001","2002","2003","2004","2005","2006","2007","2008","2009","2010","2011","2012","2013","2014","2015","2016","2017","2018","2019","2020","2021"
"World","RE share of electricity capacity (%)",21.72,21.77,21.55,21.50,21.69,21.90,21.93,22.20,22.77,23.48,24.13,25.04,26.11,27.21,28.20,29.51,30.74,32.06,33.08,34.47,36.43,38.26
"World","RE share of electricity generation (%)",18.32,17.81,17.73,17.27,17.68,17.82,17.98,17.73,18.46,19.22,19.39,19.71,20.80,21.42,22.22,22.66,23.58,24.23,24.81,25.86,27.67,..
"Africa","RE share of electricity capacity (%)",22.19,22.15,22.24,21.62,21.19,20.45,19.57,19.16,18.84,19.36,19.48,18.88,18.79,19.00,19.55,20.11,20.05,21.21,21.70,21.81,22.49,23.09
"Africa","RE share of electricity generation (%)",17.37,17.36,15.76,15.51,14.59,15.65,15.79,14.89,15.55,15.99,16.12,15.96,15.96,16.57,16.82,16.67,16.99,17.81,18.86,19.73,21.22,..
"Algeria","RE share of electricity capacity (%)",4.68,4.69,4.36,4.28,4.10,3.69,3.16,2.97,2.71,2.01,2.20,2.19,1.94,1.67,1.65,1.81,2.53,3.39,3.24,2.87,2.77,2.62
"Algeria","RE share of electricity generation (%)",0.21,0.26,0.21,0.90,0.80,1.69,0.62,0.61,0.70,0.89,0.38,0.94,1.02,0.49,0.61,0.47,0.61,0.84,1.02,1.03,0.91,..
"Angola","RE share of electricity capacity (%)",54.81,54.41,54.43,54.43,71.33,71.33,71.24,76.69,77.31,77.32,67.16,59.39,51.50,44.46,43.91,42.87,56.04,56.83,59.62,61.82,63.97,63.97
"Angola","RE share of electricity generation (%)",55.54,54.83,57.60,56.90,70.07,74.85,75.09,75.36,73.42,64.37,63.98,66.31,55.38,38.55,45.14,44.48,50.63,64.46,69.79,71.89,73.73,..
"Benin","RE share of electricity capacity (%)",0.88,0.83,0.83,0.83,0.83,0.81,0.35,0.29,0.26,0.35,0.51,0.50,0.81,0.36,0.70,1.67,1.67,1.67,1.92,1.12,1.13,1.13
"Benin","RE share of electricity generation (%)",1.95,2.38,2.42,2.11,1.84,0.70,0.00,0.00,0.16,0.19,0.00,0.00,0.28,0.00,0.25,1.96,1.97,1.64,1.64,0.40,0.40,..
"Botswana","RE share of electricity capacity (%)",0.00,0.00,0.00,0.00,0.00,0.00,0.00,0.00,0.00,0.01,0.06,0.05,0.51,0.54,0.20,0.23,0.36,0.37,0.40,0.64,0.64,0.64
"Botswana","RE share of electricity generation (%)",0.00,0.00,0.00,0.00,0.00,0.00,0.00,0.00,0.00,0.00,0.04,0.06,0.29,0.25,0.12,0.11,0.19,0.18,0.17,0.18,0.26,..
"Burkina Faso","RE share of electricity capacity (%)",40.37,40.37,40.37,17.90,15.46,14.00,12.81,13.09,13.28,13.51,14.50,12.20,10.31,14.99,13.26,12.14,12.77,21.61,24.67,22.38,22.38,22.38
"Burkina Faso","RE share of electricity generation (%)",25.33,14.90,17.66,21.76,21.74,19.76,15.00,18.53,22.41,19.47,21.59,16.93,16.71,15.63,11.56,10.55,15.76,14.17,17.88,26.23,28.88,..
"Burundi","RE share of electricity capacity (%)",90.80,90.80,90.80,90.80,90.80,90.81,90.83,90.84,90.86,90.86,90.89,78.19,78.43,73.67,73.74,73.84,74.17,53.19,53.19,53.19,53.19,53.19
"Burundi","RE share of electricity generation (%)",100.00,100.00,100.00,100.00,100.00,100.00,100.00,100.00,100.00,97.11,93.04,95.04,98.90,91.85,88.88,89.58,92.21,88.40,82.65,76.18,70.72,..
"Cabo Verde","RE share of electricity capacity (%)",0.00,0.00,2.69,3.40,3.02,3.02,2.99,2.83,2.37,2.46,7.33,18.42,21.03,23.26,23.35,18.65,18.89,18.91,20.05,20.07,20.06,20.06
"Cabo Verde","RE share of electricity generation (%)",3.11,2.16,3.16,2.70,2.94,2.73,2.97,2.56,1.93,1.58,1.21,7.04,19.01,21.28,22.21,20.27,18.60,17.64,20.80,18.66,16.82,..
"Cameroon","RE share of electricity capacity (%)",91.02,91.13,83.46,83.47,82.51,82.04,79.76,78.04,76.75,70.38,71.83,73.15,66.51,57.74,57.81,55.53,55.59,51.34,51.43,53.97,53.97,53.93
"Cameroon","RE share of electricity generation (%)",100.00,100.00,100.00,100.00,100.00,100.00,100.00,90.38,94.00,89.31,88.31,87.98,85.93,80.89,80.49,77.75,77.76,79.26,79.27,79.27,79.27,..
"Central African Republic","RE share of electricity capacity (%)",47.30,47.30,47.30,47.30,47.30,49.93,49.93,49.93,49.93,49.93,49.93,50.07,50.20,50.20,46.54,46.54,46.54,46.54,46.54,46.56,46.56,21.02
"Central African Republic","RE share of electricity generation (%)",99.71,99.70,99.70,99.71,99.80,99.82,99.82,99.82,99.80,99.82,99.82,99.82,99.82,99.82,99.82,99.82,96.32,96.32,96.32,96.32,96.32,..
"Chad","RE share of electricity capacity (%)",6.45,6.45,6.45,1.31,1.29,1.27,1.27,1.12,1.12,1.12,1.12,1.12,0.71,0.72,0.72,0.76,1.15,1.15,1.15,1.15,1.34,1.34
"Chad","RE share of electricity generation (%)",6.60,6.97,7.06,6.54,6.00,6.92,6.92,6.10,6.32,6.90,6.86,6.61,6.72,6.86,6.98,2.80,5.36,5.39,5.44,5.44,5.45,..
"Comoros","RE share of electricity capacity (%)",0.00,0.00,5.12,5.00,5.68,7.64,8.16,9.35,6.28,6.28,6.28,6.28,6.28,6.28,6.28,6.28,6.28,6.28,6.28,6.28,6.28,6.28
"Comoros","RE share of electricity generation (%)",0.00,0.00,10.04,12.58,12.19,11.65,12.49,9.65,10.42,9.73,7.29,8.01,7.89,8.18,8.70,0.00,0.00,0.00,0.00,0.00,0.00,..
"Democratic Republic of the Congo","RE share of electricity capacity (%)",99.24,99.25,99.25,99.25,99.25,99.25,99.25,99.25,99.25,99.25,98.86,98.47,98.98,98.90,98.90,98.87,98.87,98.88,98.95,98.95,98.95,98.95
"Democratic Republic of the Congo","RE share of electricity generation (%)",99.90,99.90,99.91,99.90,99.90,99.90,99.90,99.90,99.90,99.90,99.90,99.90,99.53,99.90,99.90,98.25,99.34,99.16,98.92,99.13,99.07,..
"Congo","RE share of electricity capacity (%)",75.48,75.48,61.93,61.93,61.93,61.93,61.93,43.82,43.82,43.82,16.88,16.89,32.71,32.72,32.74,32.74,33.43,34.69,34.71,34.71,27.54,27.54
"Congo","RE share of electricity generation (%)",98.56,99.96,99.86,85.75,82.94,81.88,82.17,82.27,81.29,63.93,55.59,61.19,58.07,53.39,47.68,43.29,40.76,42.20,39.95,39.95,39.95,..
"Cote d'Ivoire","RE share of electricity capacity (%)",49.54,49.55,49.55,49.55,49.55,49.55,49.55,49.56,49.59,49.60,43.20,43.21,42.31,39.59,37.04,34.12,32.12,40.81,40.94,39.97,39.97,39.97
"Cote d'Ivoire","RE share of electricity generation (%)",36.90,36.88,32.74,36.16,32.54,25.90,27.39,32.79,33.65,36.94,27.63,29.61,25.92,21.34,23.50,15.91,15.21,20.63,29.65,32.85,32.22,..
"Djibouti","RE share of electricity capacity (%)",0.00,0.00,0.00,0.00,0.00,0.00,0.00,0.00,0.00,0.00,0.00,0.00,0.23,0.23,0.23,0.23,0.28,0.29,0.29,0.29,0.29,14.20
"Djibouti","RE share of electricity generation (%)",0.00,0.00,0.00,0.00,0.00,0.00,0.00,0.00,0.00,0.00,0.00,0.00,0.15,0.09,0.09,0.09,0.11,0.11,0.11,0.11,0.11,..
"Egypt","RE share of electricity capacity (%)",16.94,16.94,17.11,15.54,15.38,14.19,13.60,13.61,13.47,13.01,12.42,11.63,10.99,10.58,10.58,10.36,9.45,8.41,8.60,9.74,10.08,10.56
"Egypt","RE share of electricity generation (%)",20.03,19.82,15.90,13.63,13.07,12.03,11.62,11.04,12.28,11.01,9.56,9.36,9.26,8.76,8.41,8.31,8.64,8.41,8.09,8.98,12.17,..
"Equatorial Guinea","RE share of electricity capacity (%)",15.64,15.64,15.64,15.64,15.64,15.64,15.64,9.36,9.36,9.36,7.02,7.02,36.11,36.11,36.11,36.11,33.78,31.73,31.70,31.70,31.70,31.71
"Equatorial Guinea","RE share of electricity generation (%)",4.05,4.05,4.05,4.05,4.05,4.05,4.05,2.30,2.30,2.30,2.30,2.30,8.10,14.32,14.32,14.32,13.11,12.08,11.94,11.94,11.94,..
"Eritrea","RE share of electricity capacity (%)",0.00,0.00,0.00,0.00,0.00,0.00,0.00,0.50,0.59,0.59,0.59,0.59,0.61,0.61,5.88,5.18,5.38,5.11,8.29,9.21,10.10,10.98
"Eritrea","RE share of electricity generation (%)",0.00,0.00,0.00,0.00,0.00,0.00,0.00,0.07,0.70,0.68,0.65,0.60,0.57,0.57,4.23,4.05,4.05,4.89,7.89,8.75,9.60,..
"Eswatini","RE share of electricity capacity (%)",91.29,91.29,91.29,91.29,91.30,91.30,91.30,91.31,92.60,92.60,92.62,94.94,94.94,94.94,94.46,94.46,94.47,94.47,94.47,94.47,94.47,94.76
"Eswatini","RE share of electricity generation (%)",99.64,99.66,99.67,99.69,99.70,99.69,99.71,99.73,99.72,99.75,99.76,99.78,99.78,99.76,99.78,99.77,99.71,99.68,99.73,99.76,100.00,..
"Ethiopia","RE share of electricity capacity (%)",71.62,69.50,70.98,78.88,78.61,78.60,78.55,82.44,78.08,88.45,93.65,91.67,91.67,92.13,92.15,94.82,96.39,97.78,98.08,97.72,97.84,97.86
"Ethiopia","RE share of electricity generation (%)",98.68,99.18,99.09,99.32,99.31,99.59,99.70,95.49,87.64,88.90,99.38,99.42,99.84,99.91,99.96,99.97,99.99,99.99,100.00,100.00,100.00,..
"Gabon","RE share of electricity capacity (%)",49.56,49.56,49.81,49.18,49.18,49.46,49.19,44.79,45.54,45.81,43.16,42.84,38.00,54.85,55.30,55.25,52.96,53.53,54.36,54.36,54.36,54.36
"Gabon","RE share of electricity generation (%)",58.91,58.91,58.91,58.91,58.93,58.92,58.93,58.92,58.93,57.22,51.85,45.79,46.29,49.49,44.85,48.25,41.62,48.97,53.99,53.99,53.99,..
"Gambia","RE share of electricity capacity (%)",0.00,0.04,0.21,0.59,0.97,1.45,1.49,2.16,2.59,2.78,2.54,2.64,3.95,3.26,3.51,3.57,3.58,3.58,3.22,3.22,3.22,2.75
"Gambia","RE share of electricity generation (%)",0.00,0.02,0.11,0.30,0.49,0.65,0.71,0.83,0.97,1.14,1.25,1.42,1.32,1.32,1.26,1.02,0.90,0.90,0.90,0.90,0.90,..
"Ghana","RE share of electricity capacity (%)",63.90,63.90,63.90,63.90,63.90,63.90,63.86,55.46,52.80,59.58,59.58,54.15,49.35,56.63,56.69,57.14,46.21,41.36,40.89,32.27,31.69,31.69
"Ghana","RE share of electricity generation (%)",91.52,84.12,69.30,66.14,87.47,82.96,66.69,53.47,74.47,76.81,68.86,67.55,67.16,64.04,64.79,51.01,43.07,40.30,37.44,40.36,36.66,..
"Guinea","RE share of electricity capacity (%)",38.14,38.14,38.14,38.14,38.14,38.14,38.14,37.25,40.17,39.78,50.95,62.53,59.80,38.46,38.46,61.82,62.80,61.09,60.71,60.04,55.42,73.04
"Guinea","RE share of electricity generation (%)",55.97,57.26,58.62,46.35,61.46,60.76,63.09,64.69,74.35,70.34,77.40,75.95,67.73,74.30,60.58,79.25,68.53,69.66,62.32,63.41,60.93,..
"Guinea-Bissau","RE share of electricity capacity (%)",0.00,0.00,0.00,0.00,0.00,0.00,0.00,0.00,0.00,0.00,0.00,0.00,0.00,0.00,0.00,1.10,1.10,1.10,4.01,4.01,4.01,4.01
"Guinea-Bissau","RE share of electricity generation (%)",0.00,0.00,0.00,0.00,0.00,0.00,0.00,0.00,0.00,0.00,0.00,0.00,0.00,0.00,0.00,1.93,1.99,1.99,7.08,7.08,7.08,..
"Kenya","RE share of electricity capacity (%)",76.75,76.75,76.75,65.40,67.34,70.61,74.38,68.37,67.07,68.05,68.23,64.39,65.54,65.53,65.55,65.76,66.16,67.51,71.83,71.89,74.91,76.04
"Kenya","RE share of electricity generation (%)",58.44,61.42,75.62,80.77,79.05,73.30,71.33,71.68,67.98,59.66,62.93,68.38,71.36,72.50,75.40,83.57,82.54,79.00,79.08,80.11,79.88,..
"Lesotho","RE share of electricity capacity (%)",98.92,98.92,98.92,99.84,99.84,99.84,99.84,99.84,99.84,99.84,99.84,99.84,99.84,99.84,99.84,99.84,99.84,99.84,99.84,99.84,99.84,99.84
"Lesotho","RE share of electricity generation (%)",99.66,99.66,99.66,99.67,99.67,99.68,99.67,99.68,99.68,99.68,99.68,99.66,99.69,99.60,99.62,99.63,99.64,99.79,99.80,99.79,99.75,..
"Liberia","RE share of electricity capacity (%)",5.41,5.41,5.41,5.41,5.19,5.19,5.19,4.88,4.88,4.88,4.38,4.22,4.25,4.18,4.18,4.20,21.01,49.07,49.11,49.11,49.11,49.11
"Liberia","RE share of electricity generation (%)",23.08,23.08,23.08,23.08,22.34,22.34,22.34,21.21,21.21,21.21,19.38,18.76,18.79,18.53,18.53,18.54,17.70,56.52,56.56,56.56,56.56,..
"Libya","RE share of electricity capacity (%)",0.00,0.00,0.00,0.00,0.02,0.02,0.03,0.04,0.04,0.05,0.05,0.05,0.05,0.05,0.05,0.05,0.05,0.05,0.05,0.05,0.05,0.06
"Libya","RE share of electricity generation (%)",0.00,0.00,0.00,0.00,0.01,0.01,0.01,0.01,0.01,0.02,0.02,0.03,0.02,0.02,0.02,0.02,0.02,0.02,0.02,0.02,0.02,..
"Madagascar","RE share of electricity capacity (%)",46.44,46.44,46.44,42.71,38.82,34.97,31.10,30.42,30.14,30.25,25.64,25.71,30.31,30.64,24.86,25.19,25.41,23.59,24.07,24.07,24.07,24.07
"Madagascar","RE share of electricity generation (%)",69.20,67.63,68.64,68.09,64.78,65.56,63.58,68.39,63.44,67.19,59.87,54.61,54.39,54.51,57.61,61.04,54.24,46.80,55.27,49.09,46.01,..
"Malawi","RE share of electricity capacity (%)",88.73,88.73,88.72,92.83,89.85,89.85,89.85,89.85,94.09,91.74,91.75,91.55,91.58,91.65,93.03,93.34,93.35,91.23,74.20,76.80,76.85,78.93
"Malawi","RE share of electricity generation (%)",92.85,92.87,92.93,97.48,94.20,94.24,94.25,94.27,99.08,98.89,98.92,98.67,98.67,98.67,98.82,99.09,99.09,96.47,76.95,78.22,78.24,..
"Mali","RE share of electricity capacity (%)",28.96,29.00,57.85,57.88,57.93,57.96,58.02,57.18,60.20,58.32,55.96,50.35,50.81,52.14,51.34,51.05,47.06,44.92,44.92,44.92,48.05,49.76
"Mali","RE share of electricity generation (%)",26.57,34.62,53.03,60.44,58.73,58.02,56.09,55.00,54.03,66.05,62.18,61.54,67.05,73.30,68.57,65.09,63.69,60.44,60.44,60.44,60.44,..
"Mauritania","RE share of electricity capacity (%)",0.00,0.00,0.00,0.00,0.00,0.00,0.00,0.00,0.00,0.00,0.00,0.00,0.00,9.05,8.80,11.27,14.32,14.32,21.23,20.78,20.78,19.46
"Mauritania","RE share of electricity generation (%)",0.00,0.00,0.00,0.00,0.00,0.00,0.00,0.00,0.00,0.00,0.00,0.00,0.00,4.82,5.10,13.42,15.72,13.91,19.21,19.79,19.79,..
"Mauritius","RE share of electricity capacity (%)",17.90,18.33,18.29,18.23,18.15,26.51,17.83,18.24,17.98,21.28,21.34,20.36,18.36,18.85,20.80,21.96,23.71,23.83,27.34,28.69,28.69,28.69
"Mauritius","RE share of electricity generation (%)",29.58,28.69,27.60,27.22,27.35,25.01,22.24,22.40,23.26,23.63,21.47,20.04,20.26,20.59,20.30,22.72,21.81,19.99,20.71,21.68,23.89,..
"Mayotte","RE share of electricity capacity (%)",0.00,0.00,0.00,0.00,0.00,0.00,0.00,0.00,0.65,2.27,9.66,13.76,14.35,14.40,14.51,14.19,11.86,13.27,13.27,13.27,15.38,15.38
"Mayotte","RE share of electricity generation (%)",0.00,0.00,0.00,0.00,0.00,0.00,0.00,0.00,0.11,0.54,2.37,5.29,5.39,5.17,4.95,4.70,4.55,5.14,4.96,4.96,4.96,..
"Morocco","RE share of electricity capacity (%)",27.92,27.93,27.81,29.39,28.69,25.34,25.35,26.21,26.22,24.70,24.54,24.95,23.79,24.95,26.73,28.20,29.10,28.68,29.82,30.54,29.49,29.91
"Morocco","RE share of electricity generation (%)",6.75,8.15,7.36,10.74,10.94,6.14,5.93,6.07,6.04,14.20,18.14,11.23,9.17,15.62,12.94,14.87,15.26,14.76,18.98,18.86,18.18,..
"Mozambique","RE share of electricity capacity (%)",97.82,97.82,97.71,97.65,97.65,97.68,97.70,97.37,97.25,97.25,97.25,97.25,97.26,97.26,97.17,90.06,78.44,81.81,79.05,79.05,79.05,79.05
"Mozambique","RE share of electricity generation (%)",86.23,86.33,89.66,89.23,78.97,93.12,99.73,99.72,99.62,99.66,99.50,99.46,99.43,99.33,99.30,98.86,98.77,99.00,91.18,84.51,88.35,..
"Namibia","RE share of electricity capacity (%)",62.34,62.35,62.39,62.39,62.39,62.42,62.45,62.50,62.55,61.05,61.13,58.07,65.62,65.85,62.42,62.72,67.66,69.98,70.82,73.07,73.23,73.23
"Namibia","RE share of electricity generation (%)",99.58,99.81,99.79,99.62,99.57,97.33,96.38,93.70,89.81,90.81,94.79,96.24,95.09,95.72,92.18,90.53,90.06,91.46,90.80,90.80,91.33,..
"Niger","RE share of electricity capacity (%)",0.27,0.33,0.33,0.38,0.44,0.54,0.60,0.60,0.65,0.65,1.14,1.31,1.53,1.91,2.28,2.66,3.02,2.62,7.44,7.12,7.12,7.12
"Niger","RE share of electricity generation (%)",0.39,0.55,0.52,0.56,0.63,0.70,0.83,0.80,3.17,2.81,1.13,1.49,1.41,1.61,1.75,1.87,2.12,2.42,8.10,8.10,8.10,..
"Nigeria","RE share of electricity capacity (%)",37.33,37.33,37.33,30.73,30.73,29.85,27.48,25.72,24.20,23.56,24.34,23.29,23.41,21.28,20.15,20.17,17.06,17.02,16.42,16.42,16.34,16.36
"Nigeria","RE share of electricity generation (%)",41.50,39.38,32.48,37.88,33.38,45.34,38.63,31.74,32.64,32.83,26.74,19.86,18.82,20.74,19.82,20.11,28.55,24.56,22.93,25.30,23.47,..
"Réunion","RE share of electricity capacity (%)",34.52,34.52,30.95,30.95,31.00,31.54,31.14,31.63,32.36,34.15,39.68,43.03,42.60,40.17,43.92,45.31,45.45,45.55,45.69,48.28,49.08,49.75
"Réunion","RE share of electricity generation (%)",46.70,40.60,43.00,41.48,39.65,33.98,36.14,36.99,36.12,32.52,33.76,30.25,34.62,37.77,32.96,36.10,34.12,32.39,36.45,31.20,24.60,..
"Rwanda","RE share of electricity capacity (%)",93.96,93.96,93.96,93.96,93.96,73.08,57.53,57.74,57.75,43.51,48.54,51.19,51.83,53.53,59.02,52.45,54.47,52.68,54.63,56.59,58.17,58.17
"Rwanda","RE share of electricity generation (%)",100.00,100.00,100.00,100.00,100.00,43.53,71.89,50.28,56.44,52.27,53.29,53.38,56.32,47.91,52.99,60.65,50.43,49.88,51.24,54.66,62.98,..
"Sao Tome and Principe","RE share of electricity capacity (%)",19.33,19.33,19.33,19.33,19.33,19.33,19.33,19.33,19.33,12.34,8.28,7.91,7.91,8.11,6.92,6.36,6.45,5.54,5.58,5.58,5.58,5.58
"Sao Tome and Principe","RE share of electricity generation (%)",26.07,18.27,19.25,22.85,16.56,10.25,8.80,15.56,15.12,14.84,8.37,8.93,8.31,7.17,6.71,5.95,5.99,6.18,6.20,6.20,6.20,..
"Senegal","RE share of electricity capacity (%)",2.48,2.50,2.53,2.54,2.58,2.60,2.38,2.41,2.09,2.17,5.05,5.29,5.42,5.39,5.56,5.55,8.70,15.80,15.02,20.59,26.80,30.30
"Senegal","RE share of electricity generation (%)",2.21,2.12,2.42,2.55,2.24,1.84,1.71,1.61,1.41,1.39,3.17,3.02,2.45,2.20,2.02,2.33,2.33,4.52,9.29,9.36,9.70,..
"Seychelles","RE share of electricity capacity (%)",0.00,0.00,0.00,0.00,0.00,0.00,0.00,0.00,0.00,0.00,0.00,0.00,0.00,6.93,7.62,7.84,7.11,7.64,8.98,9.62,10.84,15.46
"Seychelles","RE share of electricity generation (%)",0.00,0.00,0.00,0.00,0.00,0.00,0.00,0.00,0.00,0.00,0.00,0.00,0.00,2.01,2.19,2.23,2.26,2.29,2.88,9.60,13.06,..
"Sierra Leone","RE share of electricity capacity (%)",20.00,20.00,20.00,20.00,20.01,20.02,20.02,20.13,64.48,64.50,71.77,59.71,59.86,59.92,66.68,55.45,55.46,57.54,49.10,41.66,41.66,41.67
"Sierra Leone","RE share of electricity generation (%)",34.78,33.33,16.67,16.67,17.53,24.06,20.27,18.87,6.09,35.06,87.40,87.10,73.90,62.00,82.66,74.25,73.82,75.59,75.63,75.63,75.63,..
"Somalia","RE share of electricity capacity (%)",0.00,0.00,0.00,0.00,0.00,0.00,0.00,0.00,0.00,0.00,0.00,0.00,1.36,1.36,1.42,1.82,4.46,6.13,5.04,5.04,8.71,11.33
"Somalia","RE share of electricity generation (%)",0.00,0.00,0.00,0.00,0.00,0.00,0.00,0.00,0.00,0.00,0.00,0.00,0.56,0.55,0.57,0.73,1.71,2.37,2.40,2.40,4.17,..
"South Africa","RE share of electricity capacity (%)",3.32,3.37,3.37,4.13,2.48,2.46,2.33,2.26,2.26,2.29,2.31,2.30,2.30,3.31,5.76,7.18,9.31,12.26,14.33,14.36,16.61,17.58
"South Africa","RE share of electricity generation (%)",1.25,1.39,0.80,0.53,0.48,0.65,1.10,0.67,0.61,0.70,0.90,0.96,0.71,0.66,1.03,1.65,2.07,2.85,3.50,3.71,4.49,..
"South Sudan","RE share of electricity capacity (%)",..,..,..,..,..,..,..,..,..,..,..,..,0.10,0.10,0.10,0.10,0.27,0.17,0.27,0.27,0.27,0.43
"South Sudan","RE share of electricity generation (%)",..,..,..,..,..,..,..,..,..,..,..,..,0.05,0.05,0.05,0.04,0.14,0.12,0.19,0.22,0.22,..
"Sudan","RE share of electricity capacity (%)",58.76,58.76,56.71,36.46,28.59,30.03,29.05,28.66,21.58,48.31,44.47,44.50,46.32,46.43,46.46,46.48,46.09,46.24,47.39,47.65,48.17,48.43
"Sudan","RE share of electricity generation (%)",50.31,50.41,46.64,37.11,34.57,35.39,32.40,30.96,28.52,50.88,83.01,76.83,70.01,78.71,78.59,64.89,56.22,61.68,60.86,61.38,67.32,..
"United Republic of Tanzania","RE share of electricity capacity (%)",80.08,80.08,70.82,71.14,71.14,64.64,64.65,58.30,56.93,54.66,54.39,44.08,39.86,38.42,40.03,41.57,38.37,38.55,34.01,34.14,34.22,34.22
"United Republic of Tanzania","RE share of electricity generation (%)",98.89,98.93,98.91,98.85,97.04,56.40,51.25,64.74,61.95,56.97,54.52,46.50,43.62,39.37,49.51,35.44,36.26,36.13,33.45,34.69,42.85,..
"Togo","RE share of electricity capacity (%)",77.12,77.12,77.12,76.91,61.75,61.14,61.14,61.14,61.15,61.16,27.91,27.95,27.98,28.00,28.12,28.39,28.52,28.63,28.92,29.49,29.98,36.09
"Togo","RE share of electricity generation (%)",54.22,54.70,57.86,80.27,71.29,69.82,53.42,63.30,82.39,83.59,57.89,63.00,45.14,23.94,62.34,15.29,23.88,23.09,37.41,33.23,30.00,..
"Tunisia","RE share of electricity capacity (%)",2.57,2.58,2.58,2.80,2.70,2.50,2.48,2.49,2.26,3.08,3.08,2.81,5.62,5.98,6.23,6.62,6.49,6.52,7.28,7.16,6.73,6.73
"Tunisia","RE share of electricity generation (%)",0.88,0.73,0.85,1.70,1.60,0.46,0.93,0.65,0.53,1.16,1.17,1.02,1.75,2.37,3.09,2.88,2.97,2.67,2.79,3.23,3.16,..
"Uganda","RE share of electricity capacity (%)",98.86,98.86,99.01,99.02,99.02,86.41,76.21,76.34,67.88,74.50,73.16,73.21,83.69,88.18,84.91,85.18,85.21,85.78,89.83,91.98,92.08,92.11
"Uganda","RE share of electricity generation (%)",99.93,99.93,99.93,99.93,99.94,89.71,76.75,71.05,70.36,59.70,58.58,63.43,90.55,99.95,97.40,97.45,98.16,93.85,95.18,97.69,98.68,..
"Zambia","RE share of electricity capacity (%)",96.97,96.97,94.93,94.76,94.76,94.76,95.28,95.10,95.19,95.21,95.72,95.72,95.73,97.03,94.22,93.08,83.84,82.20,82.35,82.90,82.90,84.45
"Zambia","RE share of electricity generation (%)",99.73,99.77,99.83,99.83,99.83,99.84,99.85,99.87,99.87,99.87,99.87,99.82,99.85,99.85,97.17,97.01,94.31,86.33,84.64,82.81,85.47,..
"Zimbabwe","RE share of electricity capacity (%)",38.01,38.01,38.65,38.65,38.65,38.65,38.65,38.65,41.20,41.21,41.25,41.57,41.59,41.76,41.78,42.24,42.37,42.51,49.83,49.95,49.99,50.23
"Zimbabwe","RE share of electricity generation (%)",46.47,38.64,44.79,60.69,57.01,52.59,68.59,72.33,76.58,76.35,68.37,58.05,61.68,57.06,56.92,55.52,43.97,53.18,62.07,61.72,62.89,..
"Asia","RE share of electricity capacity (%)",17.51,18.19,18.05,18.46,18.61,18.60,18.35,18.46,19.43,20.31,20.94,21.70,22.50,24.22,25.74,27.16,28.64,30.39,31.69,33.05,35.66,37.60
"Asia","RE share of electricity generation (%)",13.57,14.31,13.66,13.12,13.67,13.59,13.89,13.58,14.96,15.00,15.58,15.08,17.04,17.31,19.01,19.72,20.55,21.19,21.70,22.75,24.11,..
"Afghanistan","RE share of electricity capacity (%)",86.56,86.56,86.56,83.80,78.66,78.74,79.00,79.07,78.14,62.07,58.78,51.47,55.10,55.37,55.79,56.12,59.61,60.03,60.00,56.85,56.83,57.33
"Afghanistan","RE share of electricity generation (%)",93.54,93.54,93.54,80.63,62.86,63.01,70.90,69.03,66.73,79.65,81.75,74.40,79.80,81.01,85.46,87.58,87.73,86.92,83.78,86.84,89.35,..
"Bangladesh","RE share of electricity capacity (%)",5.23,4.82,4.31,4.21,3.89,3.65,3.61,3.54,3.34,3.24,3.10,2.65,2.76,2.89,2.83,2.75,2.62,2.72,2.25,2.22,2.21,2.38
"Bangladesh","RE share of electricity generation (%)",7.60,6.44,5.61,4.72,4.07,3.41,3.07,2.29,2.02,1.59,2.14,2.09,2.01,1.81,1.53,1.83,1.99,1.90,1.58,1.43,1.38,..
"Bhutan","RE share of electricity capacity (%)",97.41,97.52,97.84,97.91,97.90,98.08,97.87,99.31,99.29,99.39,99.39,99.39,99.39,99.28,99.28,99.34,99.50,99.45,99.45,99.71,99.64,99.65
"Bhutan","RE share of electricity generation (%)",99.99,99.98,99.98,99.95,99.93,99.93,99.95,99.97,99.99,100.00,100.00,100.00,100.00,99.99,100.00,100.00,100.00,100.00,100.00,100.00,100.00,..
"Brunei Darussalam","RE share of electricity capacity (%)",0.00,0.00,0.00,0.00,0.00,0.00,0.00,0.00,0.00,0.00,0.13,0.13,0.13,0.13,0.13,0.13,0.13,0.12,0.12,0.12,0.11,0.39
"Brunei Darussalam","RE share of electricity generation (%)",0.00,0.00,0.00,0.00,0.00,0.00,0.00,0.00,0.00,0.00,0.02,0.04,0.04,0.04,0.04,0.03,0.02,0.04,0.04,0.02,0.02,..
"Cambodia","RE share of electricity capacity (%)",5.59,5.63,6.72,6.58,7.02,5.87,6.04,6.05,5.27,5.74,5.94,37.98,44.13,61.01,63.49,57.93,57.16,55.21,63.28,60.60,55.84,57.43
"Cambodia","RE share of electricity generation (%)",7.10,5.45,5.35,6.43,3.89,5.05,4.90,4.23,3.60,4.63,4.22,6.77,37.55,58.02,61.29,49.26,47.96,42.18,59.14,48.76,49.36,..
"China","RE share of electricity capacity (%)",23.70,23.42,23.29,23.62,23.34,22.27,20.66,20.47,22.03,23.44,24.18,25.19,26.27,28.54,30.30,31.70,33.11,35.23,36.58,37.74,40.84,42.91
"China","RE share of electricity generation (%)",16.45,18.78,17.46,14.90,16.10,16.04,15.44,15.12,17.49,17.62,18.54,16.61,19.94,19.99,22.47,23.75,24.78,24.96,25.27,26.46,27.63,..
"China, Hong Kong SAR","RE share of electricity capacity (%)",0.00,0.00,0.00,0.00,0.00,0.00,0.00,0.00,0.00,0.00,0.00,0.00,0.00,0.00,0.00,0.00,0.16,0.44,0.45,1.37,1.36,1.37
"China, Hong Kong SAR","RE share of electricity generation (%)",0.00,0.00,0.00,0.00,0.20,0.19,0.18,0.24,0.15,0.19,0.21,0.23,0.22,0.20,0.23,0.21,0.38,0.39,0.40,0.43,0.55,..
"Chinese Taipei","RE share of electricity capacity (%)",6.00,6.14,6.02,5.67,5.45,5.37,5.34,5.47,5.60,5.67,5.91,6.33,6.78,7.18,7.75,8.25,8.90,10.03,11.28,13.33,15.99,18.63
"Chinese Taipei","RE share of electricity generation (%)",3.03,3.41,2.21,2.31,2.33,2.64,2.64,2.77,2.82,2.73,2.86,2.93,3.62,3.66,3.18,3.40,4.18,3.96,3.94,4.90,4.83,..
"India","RE share of electricity capacity (%)",21.18,21.80,21.24,22.88,23.84,24.84,26.02,25.91,26.86,25.41,25.17,24.54,23.28,22.54,22.88,22.72,24.77,27.11,28.12,29.02,29.88,31.54
"India","RE share of electricity generation (%)",13.77,13.68,12.93,11.89,13.17,14.52,16.53,17.20,17.02,15.71,15.24,15.91,16.47,15.65,16.61,15.27,14.03,14.65,15.68,17.08,18.58,..
"Indonesia","RE share of electricity capacity (%)",14.39,19.05,21.09,18.27,17.58,18.86,18.45,18.12,18.02,19.85,19.09,17.07,15.86,15.67,15.35,15.66,15.50,15.19,15.09,14.78,14.43,15.08
"Indonesia","RE share of electricity generation (%)",19.99,20.92,18.59,16.89,16.82,17.07,15.36,16.38,16.92,16.48,19.54,15.90,14.92,15.80,14.52,13.84,15.41,16.27,16.98,16.14,18.07,..
"Japan","RE share of electricity capacity (%)",9.18,11.18,11.15,11.22,11.28,11.53,11.88,11.75,11.87,11.95,12.50,12.75,13.14,15.14,17.69,20.83,22.70,24.78,26.48,28.84,30.09,31.08
"Japan","RE share of electricity generation (%)",9.08,8.96,8.83,10.33,10.03,8.73,9.80,8.36,8.89,9.18,9.09,9.89,9.43,10.37,12.05,13.80,14.15,15.55,16.39,17.83,19.44,..
"Kazakhstan","RE share of electricity capacity (%)",12.33,12.25,12.18,12.09,12.06,11.99,11.94,11.89,11.79,11.75,11.65,11.43,12.61,12.72,13.41,13.52,13.32,13.57,13.33,16.14,18.58,24.44
"Kazakhstan","RE share of electricity generation (%)",14.67,14.21,15.24,13.47,11.96,11.64,10.76,10.70,9.22,8.65,9.71,9.13,8.20,7.52,8.83,10.42,12.75,11.39,10.47,11.00,12.94,..
"Democratic People's Republic of Korea","RE share of electricity capacity (%)",60.81,61.82,61.91,61.92,61.92,61.52,61.52,62.15,59.85,56.56,56.81,57.24,59.02,59.17,59.25,60.27,61.52,61.84,58.97,58.99,59.36,59.41
"Democratic People's Republic of Korea","RE share of electricity generation (%)",52.58,52.48,55.84,59.74,60.68,60.99,56.04,56.32,55.24,53.19,56.54,62.56,62.80,62.57,61.37,52.71,53.64,50.73,51.50,46.34,53.44,..
"Republic of Korea","RE share of electricity capacity (%)",3.01,2.98,2.82,2.74,2.60,2.65,2.73,2.70,2.98,3.23,3.33,3.91,4.19,4.73,5.72,6.97,8.31,9.17,10.78,13.46,14.89,17.14
"Republic of Korea","RE share of electricity generation (%)",1.42,1.37,1.03,1.48,1.26,1.04,0.99,1.07,0.98,1.03,1.24,1.44,1.41,1.62,1.55,1.93,2.82,3.28,3.90,4.71,5.83,..
"Kyrgyzstan","RE share of electricity capacity (%)",75.89,75.89,75.89,77.08,77.08,77.08,78.73,78.73,78.73,78.73,79.40,79.43,79.40,81.76,82.31,85.32,85.32,85.36,85.31,85.31,85.33,85.33
"Kyrgyzstan","RE share of electricity generation (%)",86.79,86.58,86.52,86.81,86.83,86.92,86.94,86.99,86.60,92.10,91.90,93.35,93.48,93.52,91.38,85.22,87.65,91.91,91.04,91.69,90.75,..
"Lao People's Democratic Republic","RE share of electricity capacity (%)",100.00,100.00,100.00,100.00,100.00,100.00,100.00,100.00,100.00,100.00,100.00,100.00,100.00,100.00,100.00,77.67,72.42,73.35,74.62,77.17,80.44,81.88
"Lao People's Democratic Republic","RE share of electricity generation (%)",100.00,100.00,100.00,100.00,100.00,100.00,100.00,100.00,100.00,100.00,100.00,100.00,100.00,100.00,100.00,100.00,98.85,97.66,97.16,70.98,70.38,..
"Malaysia","RE share of electricity capacity (%)",15.36,13.02,13.31,12.09,11.38,11.15,11.09,11.14,11.16,10.78,10.40,13.66,14.65,18.75,21.64,24.18,25.71,22.19,22.62,21.92,23.21,23.00
"Malaysia","RE share of electricity generation (%)",11.66,9.44,8.01,7.28,6.69,6.98,7.01,6.51,7.99,7.19,6.42,6.89,8.09,9.29,10.11,11.44,13.50,17.44,17.01,16.43,16.43,..
"Maldives","RE share of electricity capacity (%)",0.00,0.00,0.00,0.00,0.00,0.01,0.04,0.05,1.04,1.09,1.10,1.12,1.90,2.19,3.62,4.22,3.99,5.39,3.27,4.04,5.09,5.78
"Maldives","RE share of electricity generation (%)",0.00,0.00,0.00,0.00,0.00,0.00,0.02,0.02,0.43,0.44,0.47,0.46,0.70,0.83,1.36,1.51,2.18,2.83,3.87,4.41,5.58,..
"Mongolia","RE share of electricity capacity (%)",1.62,1.75,1.76,1.81,1.82,1.89,2.01,2.06,2.38,2.41,3.54,3.54,3.69,7.37,7.37,7.36,8.32,13.92,18.43,19.40,18.44,17.96
"Mongolia","RE share of electricity generation (%)",0.13,0.18,0.17,0.18,0.17,0.17,0.16,0.17,0.33,0.70,1.04,1.43,1.34,2.39,3.75,3.95,4.36,4.42,7.23,9.47,9.23,..
"Myanmar","RE share of electricity capacity (%)",33.56,32.87,34.53,34.66,37.87,45.92,46.42,47.48,48.43,62.86,72.24,74.89,75.46,72.56,68.95,65.67,65.62,59.06,54.87,53.60,45.27,45.24
"Myanmar","RE share of electricity generation (%)",38.42,44.54,43.13,39.80,44.41,50.69,55.15,57.88,62.62,76.16,72.37,72.72,71.35,77.10,66.41,62.33,60.39,60.88,61.21,51.55,51.54,..
"Nepal","RE share of electricity capacity (%)",84.37,88.46,88.60,91.41,91.54,91.59,91.65,91.72,91.84,92.89,92.99,93.09,93.14,93.44,93.57,93.98,94.12,94.93,95.44,95.86,96.26,97.51
"Nepal","RE share of electricity generation (%)",97.22,98.80,99.49,99.68,99.51,99.42,99.47,99.61,99.69,99.62,99.73,99.93,99.72,99.61,99.85,99.98,100.00,100.00,100.00,100.00,100.00,..
"Pakistan","RE share of electricity capacity (%)",28.63,29.60,29.45,31.62,33.95,33.89,34.10,33.96,33.61,33.12,31.77,29.63,29.76,31.01,31.57,31.58,33.53,29.11,32.75,31.36,31.74,31.36
"Pakistan","RE share of electricity generation (%)",28.42,27.06,29.40,33.11,33.27,32.78,33.76,32.06,30.82,30.12,31.12,31.36,31.02,32.32,32.19,32.47,31.65,28.00,27.04,30.82,33.20,..
"Philippines","RE share of electricity capacity (%)",34.27,31.64,28.57,30.67,29.85,29.73,29.14,29.14,29.07,29.15,29.37,28.91,28.97,27.16,28.51,29.09,28.22,28.04,27.59,26.37,26.51,27.62
"Philippines","RE share of electricity generation (%)",41.88,36.31,34.67,32.51,32.10,30.95,34.56,30.37,33.63,31.79,25.65,28.40,28.02,25.87,24.84,24.63,23.50,23.89,22.74,20.20,20.62,..
"Singapore","RE share of electricity capacity (%)",2.28,1.90,1.64,1.64,1.57,1.57,1.60,1.52,1.52,1.30,1.32,1.34,1.26,1.38,1.62,1.87,2.28,2.41,2.78,3.93,4.61,5.37
"Singapore","RE share of electricity generation (%)",4.01,3.85,3.68,3.62,3.48,3.37,3.26,3.14,3.10,2.77,3.35,3.37,3.37,3.85,4.04,4.19,4.60,4.29,4.11,4.19,4.11,..
"Sri Lanka","RE share of electricity capacity (%)",62.28,57.87,51.16,49.08,48.17,53.67,54.11,54.25,51.56,51.84,50.92,46.54,49.89,52.34,45.36,47.35,48.60,49.82,51.50,51.13,52.57,53.94
"Sri Lanka","RE share of electricity generation (%)",47.35,46.76,38.98,43.52,36.76,39.33,49.28,40.18,41.93,39.64,53.43,41.24,29.46,60.32,53.14,48.75,32.89,30.84,45.37,34.82,36.75,..
"Tajikistan","RE share of electricity capacity (%)",92.74,92.74,92.74,92.74,92.74,92.83,92.83,92.83,92.83,93.79,93.79,93.80,93.80,93.80,92.33,92.33,87.53,87.53,87.77,88.02,88.02,88.02
"Tajikistan","RE share of electricity generation (%)",98.45,98.78,99.10,98.96,99.08,99.28,98.62,95.64,96.07,97.62,99.59,99.51,99.27,99.49,98.08,97.97,96.33,94.43,93.23,92.77,92.71,..
"Thailand","RE share of electricity capacity (%)",16.49,15.59,14.50,14.17,14.31,13.88,14.77,15.48,15.16,15.40,15.22,15.86,17.08,19.79,20.64,21.18,21.76,20.66,21.82,22.29,22.09,21.67
"Thailand","RE share of electricity generation (%)",6.79,6.62,7.46,7.20,5.79,5.51,6.89,6.89,6.66,6.90,5.63,11.99,11.60,11.32,11.95,12.19,20.45,19.36,22.71,23.89,22.34,..
"Timor-Leste","RE share of electricity capacity (%)",0.00,0.00,0.00,0.00,0.01,0.02,0.03,0.03,0.82,0.91,0.99,0.47,0.56,0.34,0.34,0.35,0.42,0.42,0.42,0.42,0.41,0.41
"Timor-Leste","RE share of electricity generation (%)",..,..,0.00,0.00,0.01,0.01,0.02,0.02,1.02,0.89,0.90,1.15,1.55,0.86,0.73,0.67,0.67,0.65,0.61,0.54,0.58,..
"Turkmenistan","RE share of electricity capacity (%)",0.05,0.05,0.05,0.05,0.04,0.04,0.04,0.04,0.04,0.04,0.03,0.03,0.03,0.03,0.03,0.02,0.02,0.02,0.02,0.02,0.02,0.03
"Turkmenistan","RE share of electricity generation (%)",0.03,0.03,0.03,0.03,0.03,0.02,0.02,0.02,0.02,0.02,0.02,0.02,0.02,0.02,0.01,0.01,0.01,0.01,0.01,0.01,0.01,..
"Uzbekistan","RE share of electricity capacity (%)",13.09,13.09,13.09,12.95,14.01,13.72,13.72,13.72,13.94,13.94,14.28,14.25,13.91,14.04,14.17,13.34,13.08,12.62,13.52,11.99,12.52,12.93
"Uzbekistan","RE share of electricity generation (%)",12.54,12.55,12.55,15.43,18.02,17.54,17.99,13.07,23.00,18.68,16.54,16.10,16.40,15.97,15.97,15.97,13.90,13.49,10.05,11.24,9.48,..
"Viet Nam","RE share of electricity capacity (%)",51.12,50.22,47.37,45.36,35.32,34.61,35.84,37.64,40.05,37.99,34.21,36.65,43.65,45.71,45.52,42.67,42.81,41.66,41.18,47.68,55.78,56.14
"Viet Nam","RE share of electricity generation (%)",52.13,52.67,48.74,43.72,38.75,34.63,32.93,32.40,35.18,37.58,39.78,41.87,48.87,46.86,43.37,36.24,36.88,45.93,40.65,33.94,39.71,..
"Central America and the Caribbean","RE share of electricity capacity (%)",19.18,18.38,19.16,19.78,20.58,22.68,22.00,22.76,22.40,22.69,22.76,24.14,25.74,25.93,26.84,29.52,32.13,33.71,34.32,36.07,37.07,37.71
"Central America and the Caribbean","RE share of electricity generation (%)",22.15,19.79,20.21,20.11,22.00,22.50,22.32,22.05,23.66,22.98,24.96,24.39,26.30,26.63,26.68,27.79,29.13,33.47,34.42,31.27,35.49,..
"Anguilla","RE share of electricity capacity (%)",0.00,0.00,0.00,0.00,0.00,0.00,0.00,0.00,0.00,0.00,0.00,0.00,0.23,0.23,4.04,4.04,7.32,7.32,4.57,5.97,5.97,5.97
"Anguilla","RE share of electricity generation (%)",0.00,0.00,0.00,0.00,0.00,0.00,0.00,0.00,0.00,0.00,0.00,0.00,0.09,0.12,0.97,1.57,2.32,2.26,1.94,2.42,2.42,..
"Antigua and Barbuda","RE share of electricity capacity (%)",0.00,0.00,0.00,0.00,0.00,0.00,0.00,0.00,0.00,0.18,0.18,0.36,0.36,0.34,0.34,2.78,4.15,5.06,9.71,9.71,16.94,16.94
"Antigua and Barbuda","RE share of electricity generation (%)",0.00,0.00,0.00,0.00,0.00,0.00,0.00,0.00,0.00,0.05,0.05,0.14,0.14,0.19,0.19,1.55,1.56,1.67,2.65,5.79,7.06,..
"Aruba","RE share of electricity capacity (%)",0.00,0.00,0.00,0.00,0.00,0.00,0.00,0.00,0.00,12.71,12.75,10.81,11.03,11.22,12.86,13.22,13.22,13.22,13.28,12.87,12.87,12.87
"Aruba","RE share of electricity generation (%)",0.00,0.00,0.00,0.00,0.00,0.00,0.00,0.00,0.00,1.80,11.30,12.10,14.80,16.30,17.60,18.90,15.73,14.70,15.10,15.36,15.11,..
"Bahamas","RE share of electricity capacity (%)",0.00,0.00,0.00,0.00,0.00,0.00,0.00,0.02,0.02,0.03,0.05,0.07,0.10,0.11,0.22,0.22,0.25,0.24,0.24,0.31,0.30,0.30
"Bahamas","RE share of electricity generation (%)",0.00,0.00,0.00,0.00,0.00,0.00,0.00,0.01,0.01,0.01,0.02,0.03,0.05,0.05,0.10,0.10,0.11,0.12,0.12,0.14,0.15,..
"Barbados","RE share of electricity capacity (%)",0.00,0.06,0.05,0.05,0.05,0.10,0.10,0.29,0.29,0.37,0.39,0.51,0.62,0.70,2.54,3.49,7.44,7.78,7.63,11.61,15.80,15.80
"Barbados","RE share of electricity generation (%)",0.00,0.02,0.02,0.02,0.02,0.03,0.03,0.09,0.09,0.12,0.15,0.25,0.30,0.43,0.98,1.34,2.12,3.00,2.99,3.81,5.57,..
"Belize","RE share of electricity capacity (%)",51.35,51.38,51.41,36.76,39.69,44.70,50.25,50.66,50.37,45.19,45.71,52.50,52.81,53.73,53.93,54.30,58.48,60.29,60.35,52.29,52.76,52.76
"Belize","RE share of electricity generation (%)",45.46,56.65,55.33,34.16,38.74,43.18,77.59,75.80,85.59,68.37,89.73,90.92,87.24,90.39,90.08,87.09,86.47,86.69,79.67,60.17,92.70,..
"Bonaire, Sint Eustatius and Saba","RE share of electricity capacity (%)",0.00,0.00,0.00,0.00,0.00,0.00,0.00,44.22,44.22,44.22,44.22,44.22,36.88,36.88,36.88,37.50,41.16,39.32,38.20,39.58,39.58,39.58
"Bonaire, Sint Eustatius and Saba","RE share of electricity generation (%)",0.00,0.00,0.00,0.00,0.00,0.00,0.00,0.75,1.54,1.58,4.72,24.69,28.58,31.56,34.33,31.86,31.40,26.13,33.26,28.65,22.98,..
"British Virgin Islands","RE share of electricity capacity (%)",0.00,0.00,0.00,0.00,0.00,0.00,0.00,0.00,0.00,0.00,1.44,1.44,1.44,1.44,1.44,1.75,1.75,1.19,1.19,1.19,1.19,1.19
"British Virgin Islands","RE share of electricity generation (%)",0.00,0.00,0.00,0.00,0.00,0.00,0.00,0.00,0.00,0.00,0.35,0.71,0.69,0.69,0.69,0.69,0.73,0.93,0.91,0.85,0.85,..
"Cayman Islands","RE share of electricity capacity (%)",0.00,0.00,0.00,0.00,0.00,0.00,0.00,0.00,0.00,0.00,0.00,0.00,0.00,0.00,0.00,0.00,1.68,5.16,5.80,6.45,7.33,7.84
"Cayman Islands","RE share of electricity generation (%)",0.00,0.00,0.00,0.00,0.00,0.00,0.00,0.00,0.00,0.00,0.00,0.00,0.00,0.00,0.00,0.00,0.31,1.29,2.14,2.28,2.69,..
"Costa Rica","RE share of electricity capacity (%)",83.87,84.05,83.00,79.62,79.85,79.86,79.88,81.77,74.89,75.00,73.18,70.31,77.59,77.76,78.31,79.59,83.51,85.98,86.24,86.90,86.82,87.06
"Costa Rica","RE share of electricity generation (%)",99.09,98.58,98.39,97.95,99.19,96.72,93.84,92.01,92.85,95.15,93.31,91.22,91.84,88.33,89.81,99.00,98.24,99.67,98.63,99.17,99.80,..
"Cuba","RE share of electricity capacity (%)",1.68,1.65,1.71,1.75,1.78,17.01,9.57,10.85,11.35,11.01,10.55,10.47,10.40,9.13,9.60,9.95,9.45,10.44,11.38,16.62,18.77,19.12
"Cuba","RE share of electricity generation (%)",6.87,6.57,6.66,5.36,5.61,3.18,3.04,3.03,3.96,3.88,3.19,3.29,3.78,4.98,4.39,4.39,4.44,3.89,3.67,4.04,4.50,..
"Curacao","RE share of electricity capacity (%)",1.29,4.96,4.86,4.86,4.86,4.86,3.56,3.56,2.40,2.40,2.40,2.40,11.35,12.35,13.82,22.38,22.81,29.28,23.12,23.12,25.72,25.72
"Curacao","RE share of electricity generation (%)",0.98,8.79,8.65,8.52,8.55,8.38,8.52,8.42,7.54,7.21,7.26,6.99,6.90,13.35,16.33,18.16,15.85,21.20,29.27,25.95,25.22,..
"Dominica","RE share of electricity capacity (%)",37.50,35.29,37.46,36.14,34.78,32.64,32.70,31.18,23.07,20.38,25.88,25.88,25.91,25.91,25.91,25.91,26.99,26.99,26.14,26.14,24.78,24.78
"Dominica","RE share of electricity generation (%)",40.85,33.49,45.24,37.19,42.69,33.45,32.69,25.58,24.27,25.71,24.04,36.29,27.02,37.05,30.56,23.52,33.10,32.45,37.71,22.27,20.38,..
"Dominican Republic","RE share of electricity capacity (%)",8.76,8.11,8.16,7.94,8.86,8.98,9.37,9.82,9.93,11.29,11.13,11.60,13.38,13.51,13.52,14.25,16.74,17.58,20.59,24.94,26.00,26.66
"Dominican Republic","RE share of electricity generation (%)",7.76,6.45,7.65,10.25,13.88,14.92,13.17,12.21,10.11,11.26,10.24,10.32,11.74,12.61,9.48,7.63,11.18,15.28,13.98,12.10,14.55,..
"El Salvador","RE share of electricity capacity (%)",56.12,53.23,58.20,58.73,58.25,59.28,55.37,55.81,55.46,54.24,54.26,56.64,58.73,56.28,57.16,54.99,56.49,60.70,62.87,66.27,67.38,67.38
"El Salvador","RE share of electricity generation (%)",78.32,54.94,52.00,57.02,54.54,57.82,56.54,54.87,60.83,54.17,62.14,63.06,60.45,60.44,60.28,58.50,58.96,74.87,77.88,71.17,84.60,..
"Grenada","RE share of electricity capacity (%)",0.00,0.00,0.00,0.00,0.00,0.00,0.00,0.00,0.28,0.37,0.49,0.66,0.74,1.12,1.47,2.07,4.15,4.32,4.80,5.82,6.57,6.22
"Grenada","RE share of electricity generation (%)",0.00,0.00,0.00,0.00,0.00,0.00,0.00,0.00,0.17,0.20,0.25,0.33,0.37,0.54,0.58,0.75,1.16,1.47,1.54,1.63,1.97,..
"Guadeloupe","RE share of electricity capacity (%)",12.67,12.67,13.57,15.37,15.47,17.84,18.44,18.96,19.25,20.49,22.95,24.01,28.88,29.85,25.17,27.53,26.41,27.04,27.60,30.88,31.30,32.53
"Guadeloupe","RE share of electricity generation (%)",9.48,7.93,9.95,9.81,11.90,14.10,13.52,14.62,13.65,11.72,8.63,12.05,15.58,17.43,18.42,17.84,17.59,20.53,21.39,22.16,22.64,..
"Guatemala","RE share of electricity capacity (%)",43.44,45.23,45.36,42.90,42.76,46.44,53.46,52.52,52.11,50.78,52.86,51.68,54.31,55.45,57.45,58.34,63.23,67.40,69.63,69.68,69.68,69.70
"Guatemala","RE share of electricity generation (%)",51.51,47.24,40.89,44.97,50.98,56.09,53.23,50.70,54.84,45.69,63.48,62.51,66.54,67.48,68.29,61.01,61.95,70.78,70.66,69.40,77.86,..
"Haiti","RE share of electricity capacity (%)",27.95,27.95,25.96,21.87,21.05,21.05,21.05,21.05,16.99,14.34,14.46,13.44,13.40,12.94,12.97,13.03,13.04,13.10,17.09,17.10,17.10,17.10
"Haiti","RE share of electricity generation (%)",51.74,47.64,47.53,47.66,47.53,47.66,47.54,32.91,37.24,28.71,30.21,12.51,20.22,13.55,8.93,8.26,6.83,12.34,19.17,19.17,19.17,..
"Honduras","RE share of electricity capacity (%)",47.55,47.41,45.80,52.14,44.07,36.91,36.47,37.59,37.93,38.51,38.52,43.48,43.35,46.18,46.59,59.91,60.11,62.13,63.01,63.03,64.65,64.80
"Honduras","RE share of electricity generation (%)",60.65,48.29,38.99,42.62,31.63,33.84,37.72,38.92,40.34,46.05,49.35,44.05,44.66,41.49,40.91,45.53,49.56,56.48,59.81,52.16,53.41,..
"Jamaica","RE share of electricity capacity (%)",7.88,7.61,6.93,6.57,9.33,9.33,8.54,8.56,8.58,8.65,10.83,10.62,9.93,10.63,10.81,10.78,17.46,19.54,19.54,18.84,17.53,17.53
"Jamaica","RE share of electricity generation (%)",3.32,2.85,3.79,4.56,5.17,5.74,6.16,5.87,5.69,5.26,5.45,6.57,6.93,6.55,7.09,6.93,8.39,10.20,11.45,13.03,13.53,..
"Martinique","RE share of electricity capacity (%)",..,0.00,0.52,0.52,0.81,0.81,1.46,1.74,2.57,4.28,7.08,11.15,13.80,11.85,13.34,13.99,14.25,14.56,20.74,23.67,23.99,24.15
"Martinique","RE share of electricity generation (%)",0.00,0.00,1.07,1.03,1.10,1.10,2.29,2.40,2.44,2.82,2.70,3.42,6.26,5.80,6.87,6.97,7.03,5.78,11.60,24.65,23.31,..
"Montserrat","RE share of electricity capacity (%)",0.00,0.00,0.00,0.00,0.00,0.00,0.00,0.00,0.00,0.00,0.00,0.00,0.00,0.00,0.00,0.00,0.00,0.00,0.00,3.48,3.48,12.59
"Montserrat","RE share of electricity generation (%)",0.00,0.00,0.00,0.00,0.00,0.00,0.00,0.00,0.00,0.00,0.00,0.00,0.00,0.00,0.00,0.00,0.00,0.00,0.00,0.00,0.00,..
"Nicaragua","RE share of electricity capacity (%)",26.76,26.52,33.36,35.78,40.22,40.74,41.14,37.83,35.31,36.11,35.20,34.06,42.78,43.08,44.85,45.57,47.35,45.45,45.52,45.22,45.22,38.19
"Nicaragua","RE share of electricity generation (%)",18.33,18.23,24.61,27.07,27.73,34.61,30.02,28.99,35.54,30.91,36.98,33.99,42.86,52.41,54.29,50.06,52.39,55.93,58.85,56.85,69.85,..
"Panama","RE share of electricity capacity (%)",49.44,49.01,49.66,53.91,56.43,56.44,58.03,56.38,53.09,48.95,47.99,58.22,61.22,59.77,59.90,63.07,63.67,64.51,54.53,56.05,61.79,69.11
"Panama","RE share of electricity generation (%)",70.09,49.00,64.39,50.83,65.74,64.05,59.93,57.78,62.12,56.69,57.12,52.71,62.94,57.94,55.82,65.33,66.63,72.41,78.39,53.00,75.91,..
"Puerto Rico","RE share of electricity capacity (%)",2.04,1.85,1.85,1.85,1.84,2.53,2.60,2.99,2.63,2.64,2.63,2.80,4.04,4.84,4.92,6.87,7.41,7.86,7.93,8.39,9.09,10.84
"Puerto Rico","RE share of electricity generation (%)",0.55,0.54,0.50,0.50,0.50,0.56,0.48,0.49,0.51,0.52,0.40,0.66,0.53,1.38,1.65,1.86,1.89,2.26,1.36,2.42,2.46,..
"Saint Barthelemy","RE share of electricity capacity (%)",0.00,0.00,0.00,0.00,0.00,0.00,0.00,0.00,0.00,0.00,0.00,0.00,0.00,0.00,0.00,0.00,0.07,0.07,0.07,0.07,0.07,0.07
"Saint Barthelemy","RE share of electricity generation (%)",..,..,..,..,..,..,..,..,..,..,0.00,0.00,0.00,0.00,0.00,0.00,0.03,0.04,0.04,0.04,0.03,..
"Saint Kitts and Nevis","RE share of electricity capacity (%)",0.00,0.00,0.00,0.00,0.00,0.00,0.00,0.00,0.00,0.00,3.85,3.75,3.72,4.33,6.07,5.80,6.17,5.84,5.84,5.84,5.84,5.84
"Saint Kitts and Nevis","RE share of electricity generation (%)",0.00,0.00,0.00,0.00,0.00,0.00,0.00,0.00,0.00,0.00,2.58,2.49,3.61,3.91,4.70,4.51,4.65,3.67,3.62,3.45,3.71,..
"Saint Lucia","RE share of electricity capacity (%)",0.00,0.00,0.00,0.00,0.00,0.00,0.00,0.00,0.00,0.01,0.03,0.03,0.06,0.07,0.11,0.85,1.13,1.13,4.34,4.34,4.34,4.34
"Saint Lucia","RE share of electricity generation (%)",0.00,0.00,0.00,0.00,0.00,0.00,0.00,0.00,0.00,0.00,0.01,0.01,0.02,0.02,0.04,0.31,0.33,0.32,0.79,0.78,1.60,..
"Saint Martin","RE share of electricity capacity (%)",0.00,0.00,0.00,0.00,0.00,0.00,0.00,0.00,0.00,0.00,0.00,0.00,0.00,4.39,4.98,7.85,3.08,0.18,0.18,0.88,0.88,0.88
"Saint Martin","RE share of electricity generation (%)",..,..,..,..,..,..,..,..,..,..,..,..,..,1.15,1.33,2.11,1.41,0.09,0.01,0.27,0.68,..
"Saint Vincent and the Grenadines","RE share of electricity capacity (%)",16.33,16.33,15.56,15.56,14.60,14.34,14.34,14.34,14.34,14.23,14.23,11.05,10.61,11.77,11.77,12.22,12.85,12.96,12.96,13.93,13.93,13.93
"Saint Vincent and the Grenadines","RE share of electricity generation (%)",25.92,18.31,21.61,18.60,22.39,19.67,17.27,16.10,17.01,18.36,17.50,21.33,17.30,16.23,8.61,12.05,10.94,14.09,16.62,17.59,17.59,..
"Trinidad and Tobago","RE share of electricity capacity (%)",0.46,0.49,0.51,0.54,0.57,0.58,0.60,0.52,0.17,0.18,0.20,0.17,0.13,0.13,0.15,0.17,0.17,0.17,0.17,0.16,0.16,0.16
"Trinidad and Tobago","RE share of electricity generation (%)",0.38,0.53,0.45,0.22,0.38,0.35,0.40,0.29,0.05,0.05,0.05,0.05,0.05,0.05,0.05,0.05,0.06,0.06,0.06,0.06,0.06,..
"Turks and Caicos Islands","RE share of electricity capacity (%)",0.00,0.00,0.00,0.00,0.00,0.00,0.00,0.00,0.00,0.00,0.00,0.00,0.00,0.00,0.00,0.04,0.04,0.23,0.48,1.03,1.03,1.03
"Turks and Caicos Islands","RE share of electricity generation (%)",0.00,0.00,0.00,0.00,0.00,0.00,0.00,0.00,0.00,0.00,0.00,0.00,0.00,0.00,0.00,0.02,0.02,0.10,0.27,0.56,0.57,..
"United States Virgin Islands","RE share of electricity capacity (%)",0.00,0.00,0.00,0.00,0.00,0.00,0.00,0.00,0.00,0.00,0.00,0.15,0.18,0.30,1.57,2.85,2.86,2.06,2.97,2.97,2.97,2.97
"United States Virgin Islands","RE share of electricity generation (%)",0.00,0.00,0.00,0.00,0.00,0.00,0.00,0.00,0.00,0.00,0.00,0.09,0.11,0.21,1.06,1.96,1.98,1.43,2.42,2.42,2.37,..
"Eurasia","RE share of electricity capacity (%)",23.93,23.96,23.95,23.77,23.73,23.60,23.43,23.63,23.79,23.97,24.44,24.77,25.23,25.40,24.47,25.90,25.37,26.12,26.87,27.33,28.46,29.40
"Eurasia","RE share of electricity generation (%)",18.92,18.96,18.86,17.96,20.21,18.81,18.26,17.57,16.03,17.81,17.95,17.42,17.37,18.91,16.86,18.42,19.64,19.08,20.86,23.34,24.81,..
"Armenia","RE share of electricity capacity (%)",31.70,31.45,34.56,34.90,31.93,32.05,32.66,33.63,33.92,34.33,32.52,33.25,30.91,31.56,31.74,36.45,36.92,37.21,37.78,38.34,39.10,40.52
"Armenia","RE share of electricity generation (%)",21.16,16.84,30.03,36.03,33.39,28.07,30.72,31.46,29.42,35.68,39.48,33.56,28.81,28.24,25.76,28.33,32.18,29.28,30.03,31.71,31.71,..
"Azerbaijan","RE share of electricity capacity (%)",18.77,18.08,17.68,17.10,17.12,18.81,18.23,17.90,17.68,15.48,15.59,15.76,15.97,14.99,15.23,14.78,14.96,15.03,16.31,16.87,17.00,17.05
"Azerbaijan","RE share of electricity generation (%)",8.20,6.86,10.80,11.60,12.67,13.16,10.26,10.82,10.31,12.25,18.42,13.19,7.92,6.96,5.98,7.41,8.78,8.12,8.13,7.33,5.47,..
"Georgia","RE share of electricity capacity (%)",82.06,82.06,82.06,82.06,82.06,82.06,82.19,79.91,79.96,79.99,79.59,79.60,79.63,79.61,77.45,72.30,72.62,74.80,74.59,73.79,69.81,70.67
"Georgia","RE share of electricity generation (%)",79.26,80.16,92.89,91.09,87.33,85.40,70.87,81.85,84.84,88.22,93.21,78.11,74.46,82.23,80.37,78.04,80.69,80.64,82.59,76.05,74.73,..
"Russian Federation","RE share of electricity capacity (%)",20.86,20.85,20.91,20.99,21.10,21.02,20.93,21.02,21.03,21.11,21.39,21.41,21.27,21.00,19.80,20.51,19.46,19.47,19.54,19.75,20.08,20.33
"Russian Federation","RE share of electricity generation (%)",17.83,18.65,17.36,16.37,18.19,17.47,16.81,16.86,15.29,16.91,15.48,15.19,14.88,16.39,15.57,14.91,16.05,16.02,17.34,17.63,19.91,..
"Türkiye","RE share of electricity capacity (%)",41.40,41.60,38.81,35.67,34.65,33.53,32.62,33.44,34.26,34.69,35.07,36.07,38.87,39.91,40.19,43.09,43.88,45.48,47.69,48.64,51.30,53.33
"Türkiye","RE share of electricity generation (%)",24.94,19.84,26.25,25.30,30.73,24.54,25.26,19.03,17.35,19.58,26.38,25.33,27.24,28.83,20.89,31.96,32.89,29.35,32.08,43.52,41.85,..
"Europe","RE share of electricity capacity (%)",23.16,23.59,24.13,24.89,25.28,26.37,27.04,27.79,28.77,30.19,31.49,34.01,36.27,38.06,39.28,41.17,42.83,44.35,45.37,47.77,49.77,52.17
"Europe","RE share of electricity generation (%)",18.21,18.12,16.75,15.93,17.10,17.76,17.80,18.75,20.19,21.90,23.16,23.14,26.12,28.71,30.50,31.25,31.62,31.87,34.19,35.67,40.16,..
"Albania","RE share of electricity capacity (%)",86.64,86.64,86.64,86.64,86.64,86.64,86.64,86.66,100.00,100.00,100.00,100.00,94.38,94.79,94.63,94.83,95.13,95.37,95.49,95.63,96.08,96.08
"Albania","RE share of electricity generation (%)",96.15,95.31,93.95,97.86,97.50,98.71,98.32,97.48,100.00,99.98,99.99,98.59,100.00,100.00,100.00,100.00,100.00,100.00,100.00,100.00,100.00,..
"Andorra","RE share of electricity capacity (%)",100.00,100.00,100.00,100.00,100.00,100.00,100.00,100.00,100.00,100.00,100.00,100.00,100.00,100.00,100.00,100.00,96.24,96.80,96.84,96.89,96.94,96.99
"Andorra","RE share of electricity generation (%)",100.00,100.00,100.00,100.00,100.00,100.00,100.00,100.00,100.00,100.00,100.00,100.00,100.00,100.00,100.00,100.00,99.10,96.04,96.39,95.08,97.39,..
"Austria","RE share of electricity capacity (%)",70.09,69.10,69.50,70.86,70.40,74.56,75.79,78.23,75.18,75.67,75.79,73.81,71.96,72.07,73.45,74.66,76.68,78.64,79.48,80.20,80.29,80.93
"Austria","RE share of electricity generation (%)",70.91,67.63,67.03,58.68,62.00,61.17,62.86,66.34,66.61,68.29,63.26,62.16,70.70,73.86,76.69,72.87,74.78,71.58,72.95,73.60,76.38,..
"Belarus","RE share of electricity capacity (%)",0.13,0.14,0.16,0.16,0.16,0.16,0.20,0.25,0.35,0.34,0.35,0.41,0.61,0.80,0.79,0.98,2.21,2.95,3.82,4.05,4.28,4.30
"Belarus","RE share of electricity generation (%)",0.11,0.12,0.11,0.11,0.11,0.12,0.12,0.16,0.21,0.35,0.37,0.43,0.55,0.85,0.73,0.82,1.17,2.18,1.99,2.50,3.49,..
"Belgium","RE share of electricity capacity (%)",1.48,1.79,1.93,2.61,2.93,4.90,5.41,6.03,7.12,11.31,16.24,20.29,24.58,27.52,28.65,30.06,31.41,33.59,36.41,39.75,43.90,46.49
"Belgium","RE share of electricity generation (%)",1.24,1.35,1.39,1.41,1.78,2.46,3.49,3.96,5.23,5.96,7.01,9.20,12.66,14.05,16.84,20.74,16.66,18.25,22.90,20.80,26.19,..
"Bosnia and Herzegovina","RE share of electricity capacity (%)",40.72,40.72,40.72,40.73,41.20,41.20,41.20,41.20,41.68,41.68,43.62,43.65,43.67,42.80,43.02,43.12,40.81,40.62,41.63,42.22,42.51,43.36
"Bosnia and Herzegovina","RE share of electricity generation (%)",48.84,48.70,48.85,39.95,46.98,47.60,43.84,33.85,33.18,40.28,47.41,29.13,29.91,41.98,34.90,33.73,31.63,23.22,34.19,36.55,29.04,..
"Bulgaria","RE share of electricity capacity (%)",9.63,7.03,9.84,13.82,16.25,16.31,16.79,21.11,23.24,25.84,26.99,28.81,34.40,35.17,36.18,37.91,38.58,39.54,38.06,38.48,39.68,40.18
"Bulgaria","RE share of electricity generation (%)",6.43,3.76,4.96,7.03,7.54,9.70,9.23,6.64,6.51,8.57,12.35,7.66,11.15,15.72,15.55,17.80,15.56,13.44,20.03,16.95,18.34,..
"Croatia","RE share of electricity capacity (%)",55.27,55.27,52.45,52.86,53.02,53.64,53.78,53.59,53.62,53.36,54.04,54.65,55.45,57.61,58.51,56.91,57.62,58.66,59.51,65.12,69.81,71.12
"Croatia","RE share of electricity generation (%)",57.21,56.06,45.82,41.18,54.56,53.65,50.95,37.32,45.31,55.65,62.39,46.50,48.93,66.00,73.31,65.86,65.24,59.38,71.75,65.41,63.88,..
"Cyprus","RE share of electricity capacity (%)",..,..,..,..,..,..,..,..,..,..,..,..,10.04,11.31,12.83,13.88,14.30,15.55,16.11,17.68,21.06,24.52
"Cyprus","RE share of electricity generation (%)",0.00,0.00,0.00,0.00,0.02,0.02,0.03,0.06,0.29,0.60,1.37,3.62,5.45,7.63,7.30,8.81,8.69,8.70,9.43,10.01,12.30,..
"Czechia","RE share of electricity capacity (%)",6.80,7.05,6.71,6.40,6.66,6.79,7.08,7.80,8.56,11.17,16.94,18.18,19.48,19.43,19.02,19.27,19.16,19.19,19.13,19.76,20.57,21.12
"Czechia","RE share of electricity generation (%)",3.11,3.45,3.93,2.26,3.25,3.79,4.17,3.87,4.46,5.66,6.87,8.29,9.23,10.71,10.65,11.23,11.27,11.05,10.71,11.55,12.69,..
"Denmark","RE share of electricity capacity (%)",21.46,22.50,26.18,28.21,29.49,30.25,29.38,28.04,30.41,33.11,36.58,37.71,42.27,47.68,49.54,50.77,52.09,57.23,59.36,59.34,60.41,63.92
"Denmark","RE share of electricity generation (%)",15.46,15.49,17.28,17.49,23.54,27.07,20.17,26.21,27.57,27.66,31.98,40.25,48.33,45.96,55.88,65.43,60.22,70.26,68.36,78.17,81.62,..
"Estonia","RE share of electricity capacity (%)",0.25,0.29,0.42,0.74,0.82,1.88,1.88,2.55,3.49,6.42,9.31,11.83,15.10,17.81,18.51,20.73,23.55,24.20,21.59,26.06,30.27,35.24
"Estonia","RE share of electricity generation (%)",0.21,0.21,0.35,0.48,0.58,1.09,1.33,1.19,1.87,6.17,8.05,9.15,12.34,9.20,11.18,15.42,13.05,14.12,16.09,28.13,47.82,..
"Faroe Islands","RE share of electricity capacity (%)",37.11,33.90,34.00,33.04,33.04,34.32,34.32,34.32,34.32,34.48,34.48,34.48,41.39,43.73,48.02,46.36,46.34,46.34,44.81,40.38,35.96,35.90
"Faroe Islands","RE share of electricity generation (%)",35.36,32.57,40.39,35.62,41.37,44.51,44.32,44.62,39.45,38.98,28.90,39.08,37.93,38.43,50.82,60.10,49.94,51.12,48.84,40.43,38.45,..
"Finland","RE share of electricity capacity (%)",27.32,27.83,27.97,28.70,29.09,29.62,29.69,30.02,31.94,32.03,32.06,32.79,32.87,32.79,35.10,36.67,40.98,43.35,43.75,44.78,49.94,52.24
"Finland","RE share of electricity generation (%)",33.41,28.93,26.46,22.61,29.86,33.25,27.29,29.94,35.88,30.11,29.99,32.89,40.56,35.97,38.58,44.50,44.23,46.61,45.74,46.44,51.65,..
"France","RE share of electricity capacity (%)",20.95,20.84,20.85,20.99,21.10,21.50,22.17,22.80,23.65,24.30,25.55,27.32,28.39,29.75,31.18,32.37,33.68,35.93,37.41,39.23,40.67,42.75
"France","RE share of electricity generation (%)",12.85,14.15,11.48,11.12,11.14,9.78,10.84,11.57,12.87,13.00,13.74,11.52,14.88,17.07,16.42,15.85,17.55,16.48,19.52,19.82,23.45,..
"Germany","RE share of electricity capacity (%)",9.93,12.34,14.53,17.93,19.74,22.16,24.41,26.00,26.99,31.13,34.72,38.22,43.80,45.20,45.73,48.14,50.16,52.25,51.97,54.03,56.36,60.52
"Germany","RE share of electricity generation (%)",6.15,6.46,7.58,7.66,9.38,10.18,11.33,13.93,14.70,16.08,16.61,20.23,22.77,23.85,25.89,29.12,29.16,33.09,34.67,39.60,43.68,..
"Greece","RE share of electricity capacity (%)",30.25,30.65,29.27,28.75,28.91,27.22,28.83,29.55,29.82,30.48,31.06,33.41,37.01,40.69,42.39,42.96,43.96,44.71,46.06,48.46,52.52,54.48
"Greece","RE share of electricity generation (%)",8.47,6.63,7.76,11.04,10.87,11.66,13.64,8.47,9.02,13.31,18.35,13.70,16.64,25.11,24.13,28.63,27.36,24.97,30.32,33.10,36.38,..
"Hungary","RE share of electricity capacity (%)",0.80,0.80,1.26,1.37,2.98,4.90,5.02,5.34,6.69,8.64,9.59,9.22,7.70,8.90,11.81,12.47,11.97,13.77,17.55,22.89,28.22,28.22
"Hungary","RE share of electricity generation (%)",0.69,0.71,0.66,0.98,2.77,5.23,4.16,4.71,5.89,8.06,8.08,7.52,7.64,9.20,10.72,10.64,10.21,10.57,11.74,13.68,15.83,..
"Iceland","RE share of electricity capacity (%)",89.37,89.79,90.11,90.05,90.58,90.77,91.97,94.99,95.40,95.35,95.31,95.50,95.71,95.88,95.88,95.78,95.78,95.89,96.10,96.11,96.12,96.12
"Iceland","RE share of electricity generation (%)",99.93,99.95,99.93,99.93,99.95,99.94,99.96,99.97,99.99,99.99,99.99,99.99,99.98,99.97,99.98,99.98,99.98,99.99,99.99,99.99,99.98,..
"Ireland","RE share of electricity capacity (%)",7.81,7.97,7.18,8.18,10.21,12.25,13.81,13.79,16.69,20.21,20.44,22.34,23.15,25.06,27.99,28.51,31.07,34.64,36.82,40.69,42.19,42.54
"Ireland","RE share of electricity generation (%)",4.95,4.12,5.49,4.51,5.45,7.21,9.01,9.76,11.89,14.54,13.15,19.97,19.21,21.71,24.50,27.69,24.62,28.77,32.77,38.11,41.76,..
"Italy","RE share of electricity capacity (%)",23.71,24.04,24.48,24.48,23.93,23.69,23.06,23.07,23.46,25.37,27.68,34.36,37.50,39.24,40.68,43.10,44.84,45.63,46.14,46.70,47.68,48.70
"Italy","RE share of electricity generation (%)",18.39,19.48,16.94,15.95,17.76,15.95,16.12,15.20,18.23,23.67,25.48,27.42,30.82,38.65,43.13,38.49,37.28,35.12,39.50,39.43,41.68,..
"Kosovo*","RE share of electricity capacity (%)",3.38,3.38,3.38,3.38,3.38,3.38,4.19,4.19,4.19,4.19,4.49,4.59,4.59,4.59,4.59,4.60,8.15,8.57,8.57,9.09,10.67,16.74
"Kosovo*","RE share of electricity generation (%)",1.76,1.39,1.40,1.43,2.77,2.51,2.28,1.94,1.47,2.41,3.04,1.81,1.61,2.20,2.78,2.29,4.10,3.04,5.15,4.95,5.42,..
"Latvia","RE share of electricity capacity (%)",72.42,72.67,72.76,72.82,72.83,72.58,73.05,73.70,73.04,62.95,63.43,63.72,63.95,60.55,60.85,60.80,60.73,61.07,61.04,62.14,62.02,59.59
"Latvia","RE share of electricity generation (%)",68.26,66.34,62.51,58.82,68.16,69.58,56.97,59.28,60.90,63.85,54.86,50.49,66.63,56.92,54.53,50.18,54.18,72.52,52.02,49.58,63.75,..
"Lithuania","RE share of electricity capacity (%)",1.80,1.84,1.87,1.97,2.02,2.70,3.55,3.99,4.15,5.05,7.79,9.52,10.64,12.19,13.50,19.32,20.94,23.67,24.93,25.43,26.84,34.66
"Lithuania","RE share of electricity generation (%)",2.98,2.23,2.02,1.70,2.22,3.11,3.49,4.15,4.33,4.45,15.85,23.07,23.46,32.05,34.36,34.02,49.11,60.61,62.79,62.17,46.67,..
"Luxembourg","RE share of electricity capacity (%)",4.35,4.35,3.46,4.61,6.01,6.01,6.08,6.09,6.67,6.83,7.38,7.99,10.45,11.64,11.14,11.80,17.59,18.65,18.93,21.75,23.78,24.86
"Luxembourg","RE share of electricity generation (%)",14.63,10.34,4.09,3.90,4.72,5.06,5.67,6.61,7.94,6.91,5.84,6.61,8.07,12.81,13.41,15.57,20.80,26.86,31.06,41.75,43.69,..
"Malta","RE share of electricity capacity (%)",0.00,0.00,0.00,0.00,0.00,0.02,0.02,0.02,0.04,0.16,0.14,1.43,2.94,4.85,8.51,11.66,17.14,16.48,18.79,21.31,24.61,25.37
"Malta","RE share of electricity generation (%)",0.00,0.00,0.00,0.00,0.00,0.00,0.00,0.00,0.01,0.03,0.03,0.46,1.12,1.58,3.36,7.82,15.90,10.42,10.14,9.80,11.33,..
"Republic of Moldova","RE share of electricity capacity (%)",1.80,1.69,1.69,2.05,2.02,2.02,2.09,1.86,2.12,2.12,2.12,2.05,2.11,2.19,2.26,2.26,2.35,2.68,3.47,3.59,3.80,4.23
"Republic of Moldova","RE share of electricity generation (%)",6.72,6.29,6.51,6.31,6.47,6.29,6.19,6.38,6.46,5.78,6.74,6.22,4.68,11.35,9.37,6.76,5.89,9.97,9.48,9.96,8.43,..
"Montenegro","RE share of electricity capacity (%)",..,..,..,..,..,74.97,74.97,74.98,74.98,73.67,73.67,73.68,73.68,73.71,74.43,74.71,74.90,76.93,76.97,78.04,78.48,78.49
"Montenegro","RE share of electricity generation (%)",..,..,..,..,..,65.15,59.28,59.89,54.43,75.04,68.38,45.35,51.96,63.49,55.25,49.71,58.73,45.25,59.26,56.27,52.30,..
"Netherlands","RE share of electricity capacity (%)",3.74,4.11,4.95,6.16,6.68,7.50,8.68,9.75,11.40,11.39,11.36,11.38,11.64,13.69,14.69,16.94,21.01,23.43,28.10,33.87,43.75,49.11
"Netherlands","RE share of electricity generation (%)",3.31,3.53,4.14,4.09,5.24,7.45,8.15,7.21,8.86,9.53,9.39,10.81,12.09,11.91,11.27,12.41,12.83,14.88,16.55,18.79,26.71,..
"North Macedonia","RE share of electricity capacity (%)",30.43,30.43,30.43,30.47,34.94,34.87,34.91,34.96,35.20,34.58,33.82,33.94,35.11,36.05,38.77,40.00,39.47,39.85,40.13,40.49,42.78,46.60
"North Macedonia","RE share of electricity generation (%)",17.18,9.84,12.43,20.39,22.23,21.49,23.55,15.54,13.31,18.60,33.49,21.22,16.67,26.14,24.04,35.93,36.71,23.14,35.05,22.89,27.59,..
"Norway","RE share of electricity capacity (%)",99.22,99.21,99.44,99.45,99.37,99.28,99.32,98.01,97.91,96.22,95.43,95.45,95.42,95.54,95.67,95.69,96.98,97.02,97.12,97.22,97.37,97.48
"Norway","RE share of electricity generation (%)",99.39,99.06,99.23,98.84,98.89,98.92,99.02,98.35,98.75,95.99,95.42,95.58,97.25,97.27,97.16,96.90,97.39,97.32,97.27,97.07,97.96,..
"Poland","RE share of electricity capacity (%)",2.74,2.98,2.93,2.98,3.02,3.38,3.57,4.00,4.73,5.30,6.53,8.74,11.60,14.28,15.66,18.54,20.68,18.63,19.28,21.55,24.86,31.77
"Poland","RE share of electricity generation (%)",1.50,1.79,1.80,1.39,2.08,2.45,2.66,3.44,4.29,5.76,7.03,8.12,10.49,10.42,12.52,13.82,13.70,14.17,12.73,15.54,17.88,..
"Portugal","RE share of electricity capacity (%)",44.78,45.01,45.01,44.14,44.64,47.98,49.06,51.01,52.92,51.47,50.74,52.94,55.48,58.96,60.51,61.93,64.08,64.69,64.92,65.43,65.61,70.61
"Portugal","RE share of electricity generation (%)",29.40,33.85,21.11,37.78,27.30,17.73,32.06,34.32,31.85,36.43,52.42,45.97,41.56,57.04,59.77,46.49,53.56,37.98,49.32,51.57,56.72,..
"Romania","RE share of electricity capacity (%)",37.88,37.29,36.86,36.87,36.98,33.20,32.69,32.32,32.68,32.84,34.30,36.34,38.58,44.22,46.91,47.27,47.56,47.50,47.65,53.73,54.32,56.46
"Romania","RE share of electricity generation (%)",28.66,27.87,29.49,24.18,29.23,34.02,29.28,25.95,26.52,26.81,33.29,26.22,25.28,34.22,41.30,39.52,41.43,37.77,40.38,41.32,43.99,..
"Serbia","RE share of electricity capacity (%)",19.54,19.18,18.83,17.58,17.05,42.33,42.22,37.51,30.39,29.35,32.59,32.83,33.29,32.76,33.35,33.40,33.71,33.44,35.25,36.92,37.05,34.80
"Serbia","RE share of electricity generation (%)",30.24,29.69,29.41,25.23,28.18,31.28,28.37,25.89,25.59,27.51,31.21,22.46,25.26,25.65,32.39,26.41,27.62,25.08,29.14,27.94,26.91,..
"Slovakia","RE share of electricity capacity (%)",22.61,19.10,20.08,19.97,19.98,19.98,20.87,23.73,24.34,24.34,22.89,27.51,27.75,27.88,29.41,30.63,30.95,31.09,30.56,31.47,30.84,32.91
"Slovakia","RE share of electricity generation (%)",14.81,15.86,16.71,11.49,13.50,14.87,15.29,17.59,15.76,18.78,21.32,17.45,19.10,22.03,22.73,22.45,24.49,23.55,21.53,23.37,23.78,..
"Slovenia","RE share of electricity capacity (%)",32.93,31.90,32.86,33.33,33.46,33.32,33.88,34.28,36.30,36.85,35.48,36.23,38.09,39.83,40.67,42.27,39.86,40.88,38.83,39.47,41.02,41.11
"Slovenia","RE share of electricity generation (%)",28.66,26.74,23.39,22.28,27.60,23.65,24.50,22.46,26.27,29.91,28.89,24.16,27.51,31.74,37.91,28.84,30.65,27.24,32.05,31.30,32.47,..
"Spain","RE share of electricity capacity (%)",33.29,34.43,34.57,35.30,35.39,34.38,34.92,36.04,39.11,41.14,41.51,42.77,44.18,44.21,44.06,44.69,45.12,46.17,46.54,49.82,53.00,55.70
"Spain","RE share of electricity generation (%)",15.37,20.88,13.54,21.39,17.91,14.37,17.42,19.11,19.81,25.14,32.43,29.78,29.23,39.00,39.56,34.56,38.08,31.89,37.85,36.95,43.20,..
"Sweden","RE share of electricity capacity (%)",54.15,55.27,56.36,54.80,55.86,59.12,60.21,59.39,60.36,61.50,61.40,65.65,64.19,65.00,65.92,67.70,68.96,70.81,70.78,72.75,74.94,76.38
"Sweden","RE share of electricity generation (%)",57.23,51.55,48.49,43.36,44.94,51.27,49.55,51.99,54.26,58.37,55.26,55.91,59.02,53.99,55.80,63.23,57.13,57.87,55.79,58.74,68.45,..
"Switzerland","RE share of electricity capacity (%)",75.96,75.99,75.91,75.88,75.98,76.07,76.08,76.25,76.19,75.97,75.44,75.62,75.68,76.11,76.37,76.66,78.02,78.88,79.18,79.50,81.39,81.77
"Switzerland","RE share of electricity generation (%)",55.82,58.27,53.78,53.03,52.99,54.12,50.17,53.70,54.15,54.10,55.26,52.64,58.03,57.93,56.69,60.74,59.86,59.86,56.26,57.49,59.46,..
"United Kingdom","RE share of electricity capacity (%)",3.69,4.01,4.24,4.66,4.96,5.97,6.47,7.13,8.23,9.17,9.90,13.20,16.28,21.27,25.67,31.87,35.80,38.13,40.49,44.39,45.55,46.37
"United Kingdom","RE share of electricity generation (%)",3.36,2.48,2.87,2.67,3.59,4.25,4.56,4.96,5.62,6.70,6.85,9.57,11.34,14.85,19.08,24.42,24.46,29.26,33.09,37.33,43.85,..
"Ukraine","RE share of electricity capacity (%)",9.11,9.17,9.19,9.20,8.81,8.82,8.82,8.87,8.91,8.54,8.20,9.05,9.52,10.29,10.72,10.81,10.71,12.24,14.19,21.74,23.82,25.18
"Ukraine","RE share of electricity generation (%)",6.58,6.97,5.55,5.14,6.47,6.66,6.68,5.33,6.08,6.68,6.82,5.48,5.65,7.78,5.93,4.76,6.02,7.73,8.57,8.27,11.44,..
"European Union","RE share of electricity capacity (%)",47.72,48.64,49.53,50.77,52.25,53.78,55.14,56.70,58.38,60.66,63.18,66.02,37.27,38.83,39.93,41.58,43.19,44.57,45.34,47.48,49.68,52.49
"European Union","RE share of electricity generation (%)",31.32,32.09,29.33,29.70,31.27,31.54,32.81,35.21,36.84,39.69,42.04,42.20,24.80,27.63,29.27,29.46,29.76,29.56,31.94,33.63,37.93,..
"Middle East","RE share of electricity capacity (%)",4.32,4.16,4.32,4.65,6.43,6.84,6.97,6.97,6.34,5.91,5.79,5.59,5.81,5.66,5.92,5.62,5.72,5.72,6.12,6.88,7.03,7.31
"Middle East","RE share of electricity generation (%)",1.76,1.96,2.31,2.86,2.83,4.20,4.16,3.68,1.52,1.63,2.07,2.31,2.33,2.47,2.01,1.81,2.18,1.95,2.17,4.18,3.46,..
"Bahrain","RE share of electricity capacity (%)",0.00,0.00,0.00,0.00,0.00,0.00,0.00,0.00,0.01,0.01,0.01,0.01,0.02,0.02,0.08,0.08,0.10,0.10,0.10,0.11,0.12,0.14
"Bahrain","RE share of electricity generation (%)",0.00,0.00,0.00,0.00,0.00,0.00,0.00,0.00,0.01,0.01,0.01,0.01,0.01,0.01,0.03,0.03,0.03,0.03,0.03,0.03,0.03,..
"Iran (Islamic Republic of)","RE share of electricity capacity (%)",7.39,6.94,9.65,12.92,13.50,14.82,14.61,15.15,14.61,13.88,14.03,13.57,14.31,14.78,14.97,14.05,14.10,14.43,14.33,14.31,14.04,13.82
"Iran (Islamic Republic of)","RE share of electricity generation (%)",3.11,4.00,5.86,7.43,6.55,9.07,9.50,8.89,2.31,3.36,4.18,5.12,4.98,5.61,5.14,5.11,5.78,5.02,5.37,11.91,6.76,..
"Iraq","RE share of electricity capacity (%)",11.96,11.96,6.81,8.53,20.69,17.85,21.01,21.40,17.38,15.81,16.05,13.42,13.42,8.49,9.02,7.42,7.17,6.10,5.85,5.85,5.51,5.29
"Iraq","RE share of electricity generation (%)",1.92,1.92,1.92,1.53,1.53,16.94,16.19,14.17,9.48,7.01,9.75,7.64,9.55,8.22,4.41,3.79,4.28,2.66,2.66,5.38,4.07,..
"Israel","RE share of electricity capacity (%)",0.07,0.07,0.12,0.12,0.12,0.12,0.12,0.14,0.19,0.41,0.76,1.58,2.08,2.75,3.86,4.71,5.35,5.89,7.54,10.98,12.70,13.07
"Israel","RE share of electricity generation (%)",0.07,0.05,0.07,0.09,0.08,0.08,0.05,0.05,0.07,0.16,0.33,0.68,0.82,0.93,1.57,2.06,2.62,3.09,3.26,4.73,6.24,..
"Jordan","RE share of electricity capacity (%)",0.87,0.87,0.81,0.81,0.81,0.77,0.81,0.78,0.67,0.65,0.54,0.49,0.49,0.51,0.41,3.54,12.00,14.46,19.22,27.24,33.28,33.89
"Jordan","RE share of electricity generation (%)",0.61,0.68,0.75,0.62,0.69,0.67,0.54,0.58,0.52,0.48,0.49,0.52,0.42,0.37,0.37,1.22,4.43,5.21,7.67,10.66,14.54,..
"Kuwait","RE share of electricity capacity (%)",0.00,0.00,0.00,0.00,0.00,0.00,0.00,0.00,0.00,0.00,0.00,0.00,0.00,0.02,0.03,0.03,0.17,0.24,0.30,0.54,0.52,0.52
"Kuwait","RE share of electricity generation (%)",0.00,0.00,0.00,0.00,0.00,0.00,0.00,0.00,0.00,0.00,0.00,0.00,0.00,0.00,0.01,0.01,0.07,0.07,0.07,0.08,0.08,..
"Lebanon","RE share of electricity capacity (%)",9.65,9.65,9.65,9.26,9.26,10.36,10.01,10.01,9.84,9.67,8.77,8.64,8.70,8.08,8.15,8.09,8.60,8.80,7.08,7.46,7.46,8.05
"Lebanon","RE share of electricity generation (%)",6.20,4.06,7.64,12.11,10.74,10.34,7.48,6.12,3.51,5.68,7.49,6.97,11.17,9.07,1.74,4.17,3.31,3.47,1.97,4.83,5.67,..
"Oman","RE share of electricity capacity (%)",0.00,0.00,0.00,0.00,0.00,0.00,0.00,0.00,0.00,0.00,0.00,0.00,0.00,0.01,0.01,0.03,0.03,0.10,0.10,0.49,1.35,1.56
"Oman","RE share of electricity generation (%)",0.00,0.00,0.00,0.00,0.00,0.00,0.00,0.00,0.00,0.00,0.00,0.00,0.00,0.01,0.00,0.01,0.01,0.04,0.04,0.04,0.55,..
"State of Palestine","RE share of electricity capacity (%)",0.00,0.00,0.00,0.00,0.00,0.00,0.00,0.00,0.00,0.00,0.00,0.25,0.43,0.43,2.10,6.98,13.51,18.09,20.14,33.93,42.38,52.69
"State of Palestine","RE share of electricity generation (%)",0.00,0.00,0.00,0.00,0.00,0.00,0.00,0.00,0.00,0.00,0.00,0.00,0.22,0.37,0.88,1.80,7.91,8.35,14.33,15.17,21.27,..
"Qatar","RE share of electricity capacity (%)",0.00,0.00,0.00,0.00,0.00,0.00,0.00,0.00,0.00,0.00,0.00,0.22,0.22,0.24,0.26,0.26,0.28,0.24,0.23,0.23,0.23,0.23
"Qatar","RE share of electricity generation (%)",0.00,0.00,0.00,0.00,0.00,0.00,0.00,0.00,0.00,0.00,0.00,0.03,0.03,0.23,0.28,0.30,0.31,0.30,0.30,0.25,0.29,..
"Saudi Arabia","RE share of electricity capacity (%)",0.00,0.00,0.00,0.00,0.00,0.00,0.00,0.00,0.00,0.00,0.00,0.01,0.03,0.04,0.04,0.04,0.03,0.05,0.11,0.15,0.14,0.55
"Saudi Arabia","RE share of electricity generation (%)",0.00,0.00,0.00,0.00,0.00,0.00,0.00,0.00,0.00,0.00,0.00,0.00,0.01,0.01,0.01,0.01,0.01,0.02,0.06,0.08,0.08,..
"Syrian Arab Republic","RE share of electricity capacity (%)",19.69,18.50,17.40,5.24,19.86,20.20,19.62,17.73,11.87,10.89,10.44,10.44,10.44,10.44,15.42,16.50,16.04,15.37,14.89,14.90,14.81,14.81
"Syrian Arab Republic","RE share of electricity generation (%)",12.93,12.87,8.85,9.18,13.08,12.08,10.62,9.08,7.07,4.38,5.65,7.89,10.48,11.69,9.95,2.31,5.19,3.73,2.98,2.96,3.08,..
"United Arab Emirates","RE share of electricity capacity (%)",0.00,0.00,0.00,0.00,0.00,0.00,0.00,0.00,0.00,0.05,0.05,0.05,0.05,0.44,0.47,0.47,0.49,1.15,1.89,5.78,5.91,7.23
"United Arab Emirates","RE share of electricity generation (%)",0.00,0.00,0.00,0.00,0.00,0.00,0.00,0.00,0.00,0.01,0.02,0.02,0.02,0.07,0.26,0.23,0.24,0.55,0.96,2.74,3.99,..
"Yemen","RE share of electricity capacity (%)",0.00,0.00,0.00,0.00,0.00,0.00,0.00,0.00,0.06,0.06,0.05,0.07,0.08,0.13,0.28,3.28,4.33,5.35,12.39,11.87,11.77,11.20
"Yemen","RE share of electricity generation (%)",0.00,0.00,0.00,0.00,0.00,0.00,0.00,0.00,0.03,0.03,0.03,0.04,0.04,0.05,0.11,2.02,3.23,4.78,13.89,13.44,13.57,..
"North America","RE share of electricity capacity (%)",17.93,17.28,16.58,16.08,15.96,15.99,16.27,16.79,17.36,18.10,18.82,19.47,20.81,21.58,22.42,23.98,25.39,26.33,27.11,28.40,30.00,31.98
"North America","RE share of electricity generation (%)",15.18,13.69,15.21,15.01,14.83,15.03,15.45,14.85,15.70,16.73,16.30,18.37,18.33,19.08,19.44,19.64,21.05,22.99,22.57,23.24,25.36,..
"Canada","RE share of electricity capacity (%)",61.70,61.05,61.74,61.40,62.23,60.26,60.82,61.10,61.61,60.54,61.18,62.52,63.30,64.59,65.46,66.26,66.41,66.84,67.13,67.15,67.03,68.55
"Canada","RE share of electricity generation (%)",60.59,58.02,59.88,58.90,58.44,59.82,59.52,60.26,61.35,62.99,61.26,62.47,63.63,64.05,63.14,64.02,64.78,66.53,66.27,66.20,67.05,..
"Greenland","RE share of electricity capacity (%)",22.06,22.06,22.06,22.06,22.74,22.74,22.74,26.80,33.67,33.67,39.36,39.36,48.75,48.75,48.75,48.75,48.75,48.75,48.80,48.80,48.80,48.80
"Greenland","RE share of electricity generation (%)",100.00,56.03,57.16,59.06,33.66,52.15,45.98,48.30,46.51,57.80,68.51,69.81,70.10,78.31,78.01,79.53,79.55,75.29,76.70,79.64,78.58,..
"Mexico","RE share of electricity capacity (%)",26.94,25.86,24.05,22.39,23.05,23.00,22.33,22.72,22.17,22.18,22.03,21.75,23.12,23.74,25.10,25.76,26.23,26.54,25.79,27.50,28.38,30.61
"Mexico","RE share of electricity generation (%)",19.77,17.07,15.02,12.15,14.58,15.42,15.56,14.29,17.81,13.12,16.88,15.11,13.99,13.50,17.79,15.50,15.46,16.25,15.93,16.23,19.70,..
"Saint Pierre and Miquelon","RE share of electricity capacity (%)",0.00,0.00,0.00,0.00,0.00,0.00,0.00,0.00,2.28,2.28,2.28,2.28,2.28,2.28,0.00,0.00,0.00,0.00,0.00,0.00,0.00,0.00
"Saint Pierre and Miquelon","RE share of electricity generation (%)",0.00,0.00,0.00,0.00,0.00,0.00,0.00,0.00,4.02,4.02,4.02,4.02,3.97,3.73,0.00,0.00,0.00,0.00,0.00,0.00,0.00,..
"United States of America","RE share of electricity capacity (%)",11.48,11.04,10.47,10.10,9.93,10.04,10.30,10.83,11.51,12.42,13.24,13.90,15.36,16.04,16.78,18.18,19.80,20.88,21.89,23.34,25.33,27.46
"United States of America","RE share of electricity generation (%)",8.15,6.74,8.59,8.83,8.57,8.53,9.19,8.32,8.95,10.24,10.06,12.16,11.95,12.58,12.92,13.17,14.74,16.75,16.68,17.47,19.42,..
"Oceania","RE share of electricity capacity (%)",24.10,24.20,23.36,23.15,23.67,25.66,25.71,25.38,25.52,25.44,25.73,27.24,28.91,30.40,31.40,30.53,32.09,34.09,35.57,39.29,43.18,45.29
"Oceania","RE share of electricity generation (%)",18.66,16.75,17.49,17.67,18.53,17.84,18.24,17.72,17.13,17.46,18.63,20.47,20.11,22.56,24.44,23.52,24.78,25.35,26.75,28.66,30.78,..
"American Samoa","RE share of electricity capacity (%)",0.00,0.00,0.00,0.00,0.00,0.00,0.00,0.00,0.00,0.00,0.00,0.00,6.60,6.60,6.60,6.60,10.56,9.71,11.50,11.50,11.50,11.50
"American Samoa","RE share of electricity generation (%)",0.00,0.00,0.00,0.00,0.00,0.00,0.00,0.00,0.00,0.00,0.00,0.17,0.90,1.55,1.50,1.52,1.83,2.90,2.90,2.89,2.89,..
"Australia","RE share of electricity capacity (%)",16.04,16.19,15.39,15.28,15.87,18.07,18.19,18.11,18.08,18.12,18.49,20.48,22.53,24.26,25.52,24.75,26.38,28.60,30.48,35.08,40.00,42.57
"Australia","RE share of electricity generation (%)",8.37,8.09,7.85,8.43,8.18,8.79,9.30,8.64,8.11,7.50,8.60,10.35,10.49,13.11,14.59,13.29,14.48,15.58,17.02,19.57,22.45,..
"Cook Islands","RE share of electricity capacity (%)",0.86,0.86,0.77,1.30,1.30,1.30,0.96,0.96,0.96,0.77,0.76,0.76,0.76,5.56,11.83,17.81,14.26,14.26,20.64,20.64,20.64,20.64
"Cook Islands","RE share of electricity generation (%)",0.31,0.29,0.27,0.26,0.33,0.33,0.25,0.23,0.23,0.23,0.22,0.23,0.23,2.01,4.40,10.55,13.63,18.55,34.69,34.77,35.04,..
"Fiji","RE share of electricity capacity (%)",46.48,52.44,52.45,52.45,53.89,50.18,52.68,54.59,56.16,56.16,56.18,56.18,62.58,61.26,61.32,55.80,56.06,57.82,58.09,55.23,55.25,56.13
"Fiji","RE share of electricity generation (%)",76.14,77.69,73.33,56.84,58.80,52.83,50.65,66.22,64.92,60.10,51.32,58.02,64.98,61.21,49.21,47.79,53.79,51.22,58.39,54.32,59.68,..
"French Polynesia","RE share of electricity capacity (%)",25.15,25.21,25.26,21.51,21.59,21.69,21.77,21.83,21.98,22.06,19.38,21.80,22.52,23.48,25.57,26.42,27.36,28.31,28.84,29.70,30.54,30.54
"French Polynesia","RE share of electricity generation (%)",27.67,27.37,20.40,20.24,24.32,22.57,24.33,25.50,23.28,22.24,30.52,27.47,25.71,25.69,29.12,29.74,31.54,30.91,29.32,28.89,30.41,..
"Guam","RE share of electricity capacity (%)",0.00,0.00,0.00,0.00,0.00,0.00,0.00,0.00,0.00,0.01,0.02,0.02,0.06,0.15,0.27,6.13,7.42,6.65,6.68,7.70,7.70,7.70
"Guam","RE share of electricity generation (%)",0.00,0.00,0.00,0.00,0.00,0.00,0.00,0.00,0.00,0.00,0.01,0.01,0.03,0.09,0.15,1.80,3.82,3.41,3.95,3.96,5.36,..
"Kiribati","RE share of electricity capacity (%)",1.49,1.49,1.19,1.19,3.07,4.89,3.95,4.21,4.35,4.27,6.17,6.49,7.05,7.13,10.32,26.09,30.44,30.44,30.44,30.44,30.44,30.44
"Kiribati","RE share of electricity generation (%)",0.78,0.74,0.74,0.59,1.65,1.80,1.75,1.84,1.99,1.99,2.97,3.20,3.37,3.53,6.07,15.09,16.87,15.46,14.73,13.57,13.57,..
"Marshall Islands","RE share of electricity capacity (%)",0.12,0.12,0.12,0.12,0.21,0.21,0.24,0.24,0.52,0.93,1.10,1.10,1.64,2.24,3.38,3.38,5.28,5.28,5.33,5.33,5.33,5.33
"Marshall Islands","RE share of electricity generation (%)",0.08,0.07,0.07,0.07,0.12,0.12,0.13,0.13,0.27,0.48,0.57,0.55,0.82,1.14,1.69,1.70,2.11,2.28,2.31,2.31,2.31,..
"Micronesia (Federated States of)","RE share of electricity capacity (%)",6.34,6.34,6.34,0.31,0.31,0.31,0.31,0.56,0.73,1.81,1.81,1.81,1.81,2.19,4.41,4.41,6.17,6.17,12.19,12.30,12.30,12.30
"Micronesia (Federated States of)","RE share of electricity generation (%)",4.19,4.19,4.19,0.17,0.17,0.17,0.17,0.30,0.39,0.87,1.08,1.27,1.09,1.45,2.46,3.84,5.53,5.59,6.64,6.64,6.64,..
"Nauru","RE share of electricity capacity (%)",0.00,0.00,0.00,0.00,0.00,0.00,0.37,0.37,0.37,0.37,0.37,0.37,0.70,2.08,1.76,1.76,5.72,4.06,4.67,11.14,11.10,11.10
"Nauru","RE share of electricity generation (%)",0.00,0.00,0.00,0.00,0.00,0.00,0.21,0.16,0.13,0.20,0.13,0.13,0.19,0.64,0.75,0.66,0.81,3.23,3.19,3.99,7.15,..
"New Caledonia","RE share of electricity capacity (%)",22.36,22.95,23.43,24.39,26.76,26.71,27.76,22.63,22.63,21.49,21.76,21.78,21.23,18.24,12.93,13.11,13.29,14.87,15.08,17.92,19.64,19.65
"New Caledonia","RE share of electricity generation (%)",27.29,21.63,18.80,18.67,20.11,18.97,16.94,22.21,26.40,22.55,15.00,18.84,20.09,20.51,11.67,14.09,9.23,13.45,11.75,13.74,15.60,..
"New Zealand","RE share of electricity capacity (%)",67.79,67.77,68.94,69.16,67.91,68.64,68.56,66.41,68.45,70.04,71.07,70.07,71.18,73.26,73.78,76.77,78.14,78.20,78.27,78.35,77.60,77.91
"New Zealand","RE share of electricity generation (%)",71.92,63.92,69.78,66.26,72.54,64.63,65.00,65.76,64.51,71.92,73.40,76.32,72.20,74.69,79.51,80.46,84.56,81.51,83.65,82.02,80.41,..
"Niue","RE share of electricity capacity (%)",0.00,0.00,0.00,0.00,0.00,0.00,0.00,0.00,0.00,2.64,2.57,2.57,2.57,2.57,14.06,14.06,14.06,14.06,14.06,31.11,31.11,31.11
"Niue","RE share of electricity generation (%)",0.00,0.00,0.00,0.00,0.00,0.00,0.00,0.00,0.00,2.26,2.26,2.17,2.13,2.12,14.53,13.83,13.83,13.83,13.83,13.83,13.83,..
"Palau","RE share of electricity capacity (%)",0.02,0.02,0.02,0.02,0.02,0.12,0.12,0.12,1.08,1.08,0.74,1.46,1.67,1.87,2.77,2.77,3.85,3.85,4.99,5.17,5.17,5.17
"Palau","RE share of electricity generation (%)",0.00,0.00,0.00,0.00,0.00,0.04,0.04,0.04,0.39,0.43,0.42,0.85,1.16,1.26,1.50,1.50,2.02,2.09,2.64,2.74,2.74,..
"Papua New Guinea","RE share of electricity capacity (%)",41.39,41.42,41.42,42.12,42.13,45.28,44.91,46.03,46.55,39.65,40.30,35.49,36.01,35.96,34.92,35.24,35.14,34.06,34.06,32.27,30.93,30.93
"Papua New Guinea","RE share of electricity generation (%)",57.13,61.36,61.45,65.45,65.56,64.82,57.37,65.98,65.15,61.99,57.40,60.83,61.14,62.17,60.43,57.19,54.42,59.97,55.18,59.39,60.43,..
"Samoa","RE share of electricity capacity (%)",39.07,39.07,39.07,39.07,39.07,39.12,34.88,34.88,34.88,34.88,34.88,33.90,26.67,22.24,28.38,31.02,34.52,45.67,45.82,47.27,47.93,47.93
"Samoa","RE share of electricity generation (%)",54.03,52.41,50.43,47.94,50.29,50.03,44.92,43.33,40.97,41.00,36.24,28.30,30.75,27.01,25.92,29.75,31.39,36.06,42.61,43.27,37.95,..
"Solomon Islands","RE share of electricity capacity (%)",0.69,0.60,0.64,0.64,0.69,0.68,1.57,1.57,1.57,1.58,1.26,2.67,2.66,2.52,3.47,4.08,5.45,5.49,5.38,5.38,5.38,5.38
"Solomon Islands","RE share of electricity generation (%)",1.37,1.42,1.61,1.61,1.57,1.41,2.11,3.30,3.86,4.18,3.17,4.87,4.86,5.29,6.37,6.90,7.56,7.82,7.27,7.63,7.63,..
"Tokelau","RE share of electricity capacity (%)",12.73,12.73,12.73,12.73,12.73,12.73,12.73,12.73,12.73,12.73,12.73,12.73,86.85,86.85,86.85,86.85,87.85,87.85,87.85,88.00,88.00,88.00
"Tokelau","RE share of electricity generation (%)",3.99,3.99,3.99,3.99,3.78,3.59,3.43,3.27,3.15,2.85,2.68,2.52,61.41,91.43,92.11,92.11,92.11,92.74,92.11,92.11,92.11,..
"Tonga","RE share of electricity capacity (%)",0.66,0.66,0.97,0.97,0.73,0.73,0.96,0.96,0.88,0.95,0.95,0.95,8.27,11.71,8.60,13.99,16.38,26.73,26.79,30.53,30.53,30.01
"Tonga","RE share of electricity generation (%)",0.19,0.20,0.27,0.25,0.24,0.22,0.28,0.28,0.28,0.31,0.31,0.31,2.22,5.31,6.78,7.89,8.43,9.32,10.59,12.07,13.23,..
"Tuvalu","RE share of electricity capacity (%)",0.17,0.17,0.17,0.17,0.17,0.17,0.11,0.11,0.49,3.81,3.81,3.86,3.86,3.86,5.00,28.10,41.48,41.53,41.65,41.65,42.45,42.45
"Tuvalu","RE share of electricity generation (%)",0.18,0.17,0.16,0.16,0.16,0.15,0.15,0.15,1.16,1.67,1.41,1.39,1.50,3.16,2.84,11.56,23.63,23.32,19.24,19.15,15.81,..
"Vanuatu","RE share of electricity capacity (%)",3.58,2.70,2.70,2.70,2.70,2.70,2.70,2.70,14.52,16.63,15.11,22.68,22.60,22.68,25.67,25.93,28.78,29.95,35.51,33.75,34.22,33.87
"Vanuatu","RE share of electricity generation (%)",1.83,1.83,1.83,1.83,1.83,1.83,1.83,1.83,3.71,13.31,17.78,16.28,22.87,33.81,25.52,29.80,21.04,20.72,23.45,26.81,28.34,..
"South America","RE share of electricity capacity (%)",69.24,69.05,67.97,67.48,67.02,67.72,67.84,67.88,67.09,66.45,65.24,65.11,64.31,63.58,64.23,64.52,65.39,66.08,66.96,67.42,67.73,68.49
"South America","RE share of electricity generation (%)",77.34,74.78,76.21,75.77,74.01,75.06,74.38,73.89,71.58,73.46,70.39,72.34,68.17,64.71,63.43,62.95,65.96,67.51,68.66,68.93,71.58,..
"Argentina","RE share of electricity capacity (%)",35.90,34.46,34.90,34.81,35.19,35.35,35.58,36.17,34.21,33.93,33.24,33.58,32.80,32.95,32.32,31.21,31.02,29.29,29.38,31.49,33.12,34.57
"Argentina","RE share of electricity generation (%)",32.64,41.22,42.61,37.42,31.04,32.69,34.17,28.43,26.47,29.22,27.62,25.37,23.09,25.41,24.77,24.41,21.40,27.06,27.65,29.22,28.71,..
"Bolivia (Plurinational State of)","RE share of electricity capacity (%)",29.65,30.69,35.17,34.87,35.88,36.21,36.19,36.39,36.18,35.87,33.57,33.17,30.18,29.48,27.86,26.33,27.27,31.63,35.74,30.11,30.31,31.53
"Bolivia (Plurinational State of)","RE share of electricity generation (%)",54.69,53.56,52.61,45.89,47.91,40.56,41.05,41.54,38.25,36.41,32.52,33.75,31.86,32.64,27.84,29.23,20.59,24.98,29.82,36.42,35.70,..
"Brazil","RE share of electricity capacity (%)",86.52,86.93,83.63,82.02,79.66,80.14,80.60,80.93,80.62,81.22,79.03,79.33,79.46,78.76,79.48,80.01,80.79,81.41,83.17,83.29,82.95,83.23
"Brazil","RE share of electricity generation (%)",89.49,84.29,85.74,87.16,86.03,87.13,86.75,88.23,84.32,89.05,84.80,87.19,82.56,76.83,73.28,74.21,80.47,79.25,82.36,82.30,84.17,..
"Chile","RE share of electricity capacity (%)",45.76,43.94,43.55,41.95,45.61,44.06,43.98,42.83,42.19,40.14,38.90,38.80,39.90,42.51,42.92,42.64,41.23,45.72,46.80,47.83,50.70,54.14
"Chile","RE share of electricity generation (%)",48.59,54.32,55.49,50.23,46.97,53.92,55.30,44.21,45.80,48.87,40.20,39.62,36.46,35.75,43.07,43.60,43.27,44.00,46.58,44.62,48.16,..
"Colombia","RE share of electricity capacity (%)",65.25,65.71,67.07,66.74,66.40,66.83,67.31,66.97,66.70,66.65,68.26,67.64,68.07,68.08,70.51,70.00,70.04,70.19,68.72,68.57,68.87,67.91
"Colombia","RE share of electricity generation (%)",73.36,73.10,75.03,77.10,79.42,78.60,73.32,74.23,76.28,65.99,64.18,74.87,71.98,65.15,63.35,61.36,64.67,78.34,74.45,69.84,65.01,..
"Ecuador","RE share of electricity capacity (%)",51.14,54.04,49.70,49.68,50.16,49.13,46.11,47.64,47.66,46.01,45.67,45.13,43.41,43.45,42.57,43.27,56.40,58.56,60.80,60.76,60.82,60.34
"Ecuador","RE share of electricity generation (%)",71.72,63.99,63.30,62.19,58.92,52.12,48.13,53.40,61.82,51.71,45.49,55.56,54.87,48.99,49.18,52.56,60.21,73.69,72.58,78.14,79.74,..
"Falkland Islands (Malvinas)","RE share of electricity capacity (%)",3.79,3.79,3.79,3.79,3.79,3.79,3.79,15.92,16.77,16.77,26.01,26.01,26.01,26.01,26.01,23.92,23.92,23.92,23.92,23.92,23.92,23.92
"Falkland Islands (Malvinas)","RE share of electricity generation (%)",6.25,6.06,5.92,5.88,5.85,5.68,5.62,22.20,23.04,28.37,29.42,33.99,37.98,33.21,32.99,32.09,33.40,31.25,32.99,31.82,31.19,..
"French Guiana","RE share of electricity capacity (%)",51.36,51.36,51.36,51.36,51.34,51.02,50.89,50.89,50.81,51.08,55.51,58.06,58.13,58.17,54.19,52.20,49.73,47.75,47.76,48.23,47.57,47.57
"French Guiana","RE share of electricity generation (%)",89.44,69.79,66.50,51.07,60.97,59.84,73.37,67.43,66.49,44.64,56.46,60.60,68.90,60.19,60.27,58.94,54.03,66.85,63.60,49.30,52.09,..
"Guyana","RE share of electricity capacity (%)",6.80,6.84,6.74,6.93,6.89,8.59,8.19,7.96,7.79,15.78,15.57,15.59,15.50,14.70,15.49,16.73,15.07,14.49,14.89,14.80,14.80,14.80
"Guyana","RE share of electricity generation (%)",4.45,4.42,5.15,5.49,5.37,6.00,5.91,5.95,5.01,8.06,9.77,9.25,7.10,8.32,7.70,6.32,7.49,7.48,7.54,7.81,7.81,..
"Paraguay","RE share of electricity capacity (%)",100.00,100.00,100.00,100.00,100.00,99.92,99.92,99.92,99.93,99.93,99.93,99.93,99.93,99.83,99.83,99.83,99.99,99.99,99.99,99.70,99.70,99.70
"Paraguay","RE share of electricity generation (%)",100.00,100.00,100.00,100.00,100.00,100.00,100.00,100.00,100.00,100.00,100.00,100.00,99.99,99.99,99.99,100.00,100.00,100.00,100.00,100.00,100.00,..
"Peru","RE share of electricity capacity (%)",47.60,48.82,49.54,49.99,50.22,51.02,47.94,45.42,44.67,42.16,40.84,42.66,39.73,35.63,37.34,39.34,40.33,40.72,41.52,42.50,42.69,42.97
"Peru","RE share of electricity generation (%)",81.96,84.80,82.17,80.97,72.40,77.25,78.15,66.42,59.83,60.79,57.21,56.87,56.58,53.45,50.89,51.73,50.02,58.31,60.89,60.51,64.37,..
"South Georgia and S Sandwich Islands","RE share of electricity capacity (%)",3.06,3.06,3.06,3.06,3.06,3.06,3.06,57.40,57.40,57.40,57.40,57.40,57.40,57.40,57.40,57.40,57.40,57.40,57.40,57.40,57.40,57.40
"South Georgia and S Sandwich Islands","RE share of electricity generation (%)",..,..,..,..,..,..,..,..,..,..,..,..,..,..,..,94.39,93.12,95.85,98.58,98.95,98.95,..
"Suriname","RE share of electricity capacity (%)",50.42,50.42,50.42,50.42,50.42,48.39,46.51,46.51,46.51,46.51,43.29,43.31,43.36,37.70,35.86,36.07,36.13,35.94,36.12,36.12,35.66,33.18
"Suriname","RE share of electricity generation (%)",86.16,85.16,64.60,59.11,53.43,51.61,64.63,74.21,77.71,75.70,59.95,72.79,55.13,54.13,35.22,29.16,43.78,51.77,56.39,51.58,51.59,..
"Uruguay","RE share of electricity capacity (%)",73.71,74.86,74.92,74.96,75.67,75.74,68.99,71.25,68.59,66.89,67.45,67.58,63.04,61.21,65.66,71.89,83.05,81.74,75.80,75.85,75.87,75.87
"Uruguay","RE share of electricity generation (%)",93.40,99.77,99.66,99.86,81.47,87.37,64.34,86.85,61.37,69.59,89.16,74.61,64.65,84.06,94.40,93.00,96.65,98.26,97.31,98.05,93.94,..
"Venezuela (Bolivarian Republic of)","RE share of electricity capacity (%)",62.24,61.95,60.71,60.71,62.67,66.22,65.71,64.76,63.02,61.60,58.86,56.86,52.86,49.33,48.89,48.76,50.83,50.67,50.40,49.90,49.90,49.90
"Venezuela (Bolivarian Republic of)","RE share of electricity generation (%)",75.98,70.46,69.97,69.38,72.29,72.87,72.60,72.75,72.80,71.90,67.50,70.86,63.34,60.81,62.45,58.59,58.04,54.25,37.86,30.00,72.42,..
